split,hourly_threshold_mm,product,rank,model,CSI,HSS,POD,FAR,frequency_bias,observed_events
development_2023_2025,0.1,cadence_aware_episode,1,CMA_GRAPES_GLOBAL,0.1399,,0.1937,0.6651,0.57848,1115
development_2023_2025,0.1,cadence_aware_episode,2,ICON_SEAMLESS,0.1326,,0.2413,0.7724,1.06009,1115
development_2023_2025,0.1,cadence_aware_episode,3,UKMO_GLOBAL_10KM,0.1193,,0.2601,0.8194,1.44036,1115
development_2023_2025,0.1,cadence_aware_episode,4,GFS_GLOBAL,0.1066,,0.2027,0.8164,1.10404,1115
development_2023_2025,0.1,cadence_aware_episode,5,GEM_GLOBAL,0.106,,0.1453,0.7183,0.5157,1115
development_2023_2025,0.1,cadence_aware_episode,6,METEOFRANCE_ARPEGE_WORLD,0.1013,,0.1668,0.7952,0.81435,1115
development_2023_2025,0.1,cadence_aware_episode,7,JMA_GSM,0.0606,,0.07,0.688,0.22422,1115
development_2023_2025,0.1,cadence_aware_episode,8,ECMWF_HRES,0.006,,0.0063,0.8679,0.04753,1115
development_2023_2025,0.1,complete_3h_rate_equivalent,1,ICON_SEAMLESS,0.1916,0.2226,0.456,0.7516,1.83571,840
development_2023_2025,0.1,complete_3h_rate_equivalent,2,METEOFRANCE_ARPEGE_WORLD,0.1772,0.1943,0.4607,0.7764,2.06071,840
development_2023_2025,0.1,complete_3h_rate_equivalent,3,GFS_GLOBAL,0.155,0.1495,0.4681,0.8118,2.48736,831
development_2023_2025,0.1,complete_3h_rate_equivalent,4,CMA_GRAPES_GLOBAL,0.1546,0.1662,0.3524,0.7839,1.63095,840
development_2023_2025,0.1,complete_3h_rate_equivalent,5,UKMO_GLOBAL_10KM,0.1389,0.1319,0.3548,0.8141,1.90833,840
development_2023_2025,0.1,complete_3h_rate_equivalent,6,GEM_GLOBAL,0.1377,0.1354,0.325,0.8071,1.68452,840
development_2023_2025,0.1,complete_3h_rate_equivalent,7,JMA_GSM,0.1221,0.1067,0.2952,0.8277,1.7131,840
development_2023_2025,0.1,complete_3h_rate_equivalent,8,ECMWF_HRES,0.0275,0.0213,0.0321,0.8402,0.20119,840
development_2023_2025,0.1,complete_3h_same_numeric,1,ICON_SEAMLESS,0.2449,0.2399,0.5014,0.6762,1.54859,1420
development_2023_2025,0.1,complete_3h_same_numeric,2,METEOFRANCE_ARPEGE_WORLD,0.2194,0.2064,0.4296,0.6904,1.38732,1420
development_2023_2025,0.1,complete_3h_same_numeric,3,GFS_GLOBAL,0.209,0.1646,0.4982,0.7353,1.88202,1407
development_2023_2025,0.1,complete_3h_same_numeric,4,CMA_GRAPES_GLOBAL,0.1882,0.1835,0.3113,0.6774,0.96479,1420
development_2023_2025,0.1,complete_3h_same_numeric,5,UKMO_GLOBAL_10KM,0.1837,0.1277,0.419,0.7535,1.7,1420
development_2023_2025,0.1,complete_3h_same_numeric,6,GEM_GLOBAL,0.1657,0.1418,0.2838,0.7152,0.99648,1420
development_2023_2025,0.1,complete_3h_same_numeric,7,JMA_GSM,0.1635,0.1365,0.2831,0.7208,1.01408,1420
development_2023_2025,0.1,complete_3h_same_numeric,8,ECMWF_HRES,0.0219,0.0077,0.0239,0.7988,0.11901,1420
development_2023_2025,0.1,episode_pm1h,1,ICON_SEAMLESS,0.1326,,0.2413,0.7724,1.06009,1115
development_2023_2025,0.1,episode_pm1h,2,UKMO_GLOBAL_10KM,0.1193,,0.2601,0.8194,1.44036,1115
development_2023_2025,0.1,episode_pm1h,3,GFS_GLOBAL,0.1066,,0.2027,0.8164,1.10404,1115
development_2023_2025,0.1,episode_pm1h,4,METEOFRANCE_ARPEGE_WORLD,0.1013,,0.1668,0.7952,0.81435,1115
development_2023_2025,0.1,episode_pm1h,5,CMA_GRAPES_GLOBAL,0.0811,,0.1184,0.7953,0.57848,1115
development_2023_2025,0.1,episode_pm1h,6,GEM_GLOBAL,0.0703,,0.0996,0.807,0.5157,1115
development_2023_2025,0.1,episode_pm1h,7,JMA_GSM,0.0372,,0.0439,0.804,0.22422,1115
development_2023_2025,0.1,episode_pm1h,8,ECMWF_HRES,0.006,,0.0063,0.8679,0.04753,1115
development_2023_2025,0.1,episode_pm2h,1,ICON_SEAMLESS,0.2026,,0.3471,0.6726,1.06009,1115
development_2023_2025,0.1,episode_pm2h,2,UKMO_GLOBAL_10KM,0.1744,,0.3623,0.7484,1.44036,1115
development_2023_2025,0.1,episode_pm2h,3,METEOFRANCE_ARPEGE_WORLD,0.1647,,0.2565,0.685,0.81435,1115
development_2023_2025,0.1,episode_pm2h,4,GFS_GLOBAL,0.1591,,0.2888,0.7384,1.10404,1115
development_2023_2025,0.1,episode_pm2h,5,CMA_GRAPES_GLOBAL,0.1399,,0.1937,0.6651,0.57848,1115
development_2023_2025,0.1,episode_pm2h,6,GEM_GLOBAL,0.106,,0.1453,0.7183,0.5157,1115
development_2023_2025,0.1,episode_pm2h,7,JMA_GSM,0.0606,,0.07,0.688,0.22422,1115
development_2023_2025,0.1,episode_pm2h,8,ECMWF_HRES,0.0104,,0.0108,0.7736,0.04753,1115
development_2023_2025,0.1,strict_hourly,1,ICON_SEAMLESS,0.1516,0.1677,0.4029,0.8045,2.06108,2194
development_2023_2025,0.1,strict_hourly,2,METEOFRANCE_ARPEGE_WORLD,0.1442,0.1522,0.4075,0.8175,2.23291,2194
development_2023_2025,0.1,strict_hourly,3,GFS_GLOBAL,0.1352,0.13,0.441,0.8368,2.70201,2188
development_2023_2025,0.1,strict_hourly,4,CMA_GRAPES_GLOBAL,0.1319,0.137,0.3359,0.8215,1.88195,2194
development_2023_2025,0.1,strict_hourly,5,GEM_GLOBAL,0.1147,0.1051,0.3026,0.8441,1.94075,2194
development_2023_2025,0.1,strict_hourly,6,JMA_GSM,0.108,0.0923,0.2894,0.853,1.96946,2194
development_2023_2025,0.1,strict_hourly,7,UKMO_GLOBAL_10KM,0.0941,0.0637,0.2675,0.8732,2.1103,2194
development_2023_2025,0.1,strict_hourly,8,ECMWF_HRES,0.0246,0.0165,0.0296,0.8723,0.232,2194
development_2023_2025,1.0,cadence_aware_episode,1,CMA_GRAPES_GLOBAL,0.1011,,0.1568,0.7784,0.70746,523
development_2023_2025,1.0,cadence_aware_episode,2,ICON_SEAMLESS,0.0869,,0.153,0.8326,0.91396,523
development_2023_2025,1.0,cadence_aware_episode,3,GFS_GLOBAL,0.0861,,0.1916,0.8649,1.41762,522
development_2023_2025,1.0,cadence_aware_episode,4,GEM_GLOBAL,0.0859,,0.1166,0.754,0.47419,523
development_2023_2025,1.0,cadence_aware_episode,5,UKMO_GLOBAL_10KM,0.0827,,0.1797,0.8672,1.35373,523
development_2023_2025,1.0,cadence_aware_episode,6,METEOFRANCE_ARPEGE_WORLD,0.0788,,0.1453,0.8533,0.99044,523
development_2023_2025,1.0,cadence_aware_episode,7,JMA_GSM,0.0322,,0.0363,0.7791,0.16444,523
development_2023_2025,1.0,cadence_aware_episode,8,ECMWF_HRES,0.0055,,0.0057,0.8846,0.04971,523
development_2023_2025,1.0,complete_3h_rate_equivalent,1,GFS_GLOBAL,0.1042,0.1387,0.2286,0.8392,1.42143,420
development_2023_2025,1.0,complete_3h_rate_equivalent,2,METEOFRANCE_ARPEGE_WORLD,0.1011,0.1344,0.2141,0.8392,1.33176,425
development_2023_2025,1.0,complete_3h_rate_equivalent,3,GEM_GLOBAL,0.0824,0.11,0.1459,0.8406,0.91529,425
development_2023_2025,1.0,complete_3h_rate_equivalent,4,CMA_GRAPES_GLOBAL,0.0727,0.0855,0.1506,0.8767,1.22118,425
development_2023_2025,1.0,complete_3h_rate_equivalent,5,ICON_SEAMLESS,0.0723,0.0963,0.1176,0.8423,0.74588,425
development_2023_2025,1.0,complete_3h_rate_equivalent,6,UKMO_GLOBAL_10KM,0.0658,0.0753,0.1294,0.882,1.09647,425
development_2023_2025,1.0,complete_3h_rate_equivalent,7,JMA_GSM,0.0538,0.0705,0.0776,0.8507,0.52,425
development_2023_2025,1.0,complete_3h_rate_equivalent,8,ECMWF_HRES,0.0088,0.0106,0.0094,0.875,0.07529,425
development_2023_2025,1.0,complete_3h_same_numeric,1,ICON_SEAMLESS,0.1461,0.1812,0.3113,0.784,1.44172,652
development_2023_2025,1.0,complete_3h_same_numeric,2,METEOFRANCE_ARPEGE_WORLD,0.1457,0.1738,0.3512,0.8007,1.76227,652
development_2023_2025,1.0,complete_3h_same_numeric,3,GFS_GLOBAL,0.1391,0.1555,0.396,0.8234,2.24224,644
development_2023_2025,1.0,complete_3h_same_numeric,4,GEM_GLOBAL,0.1204,0.144,0.2347,0.8018,1.18405,652
development_2023_2025,1.0,complete_3h_same_numeric,5,UKMO_GLOBAL_10KM,0.1123,0.1223,0.2485,0.83,1.46166,652
development_2023_2025,1.0,complete_3h_same_numeric,6,CMA_GRAPES_GLOBAL,0.1095,0.1168,0.2454,0.8349,1.4862,652
development_2023_2025,1.0,complete_3h_same_numeric,7,JMA_GSM,0.0951,0.1023,0.181,0.8331,1.08436,652
development_2023_2025,1.0,complete_3h_same_numeric,8,ECMWF_HRES,0.0169,0.0192,0.0184,0.8235,0.10429,652
development_2023_2025,1.0,episode_pm1h,1,ICON_SEAMLESS,0.0869,,0.153,0.8326,0.91396,523
development_2023_2025,1.0,episode_pm1h,2,GFS_GLOBAL,0.0861,,0.1916,0.8649,1.41762,522
development_2023_2025,1.0,episode_pm1h,3,UKMO_GLOBAL_10KM,0.0827,,0.1797,0.8672,1.35373,523
development_2023_2025,1.0,episode_pm1h,4,METEOFRANCE_ARPEGE_WORLD,0.0788,,0.1453,0.8533,0.99044,523
development_2023_2025,1.0,episode_pm1h,5,CMA_GRAPES_GLOBAL,0.0618,,0.0994,0.8595,0.70746,523
development_2023_2025,1.0,episode_pm1h,6,GEM_GLOBAL,0.0518,,0.0727,0.8468,0.47419,523
development_2023_2025,1.0,episode_pm1h,7,JMA_GSM,0.0218,,0.0249,0.8488,0.16444,523
development_2023_2025,1.0,episode_pm1h,8,ECMWF_HRES,0.0055,,0.0057,0.8846,0.04971,523
development_2023_2025,1.0,episode_pm2h,1,ICON_SEAMLESS,0.1375,,0.2314,0.7469,0.91396,523
development_2023_2025,1.0,episode_pm2h,2,GFS_GLOBAL,0.1288,,0.2759,0.8054,1.41762,522
development_2023_2025,1.0,episode_pm2h,3,UKMO_GLOBAL_10KM,0.1232,,0.2581,0.8093,1.35373,523
development_2023_2025,1.0,episode_pm2h,4,METEOFRANCE_ARPEGE_WORLD,0.1206,,0.2141,0.7838,0.99044,523
development_2023_2025,1.0,episode_pm2h,5,CMA_GRAPES_GLOBAL,0.1011,,0.1568,0.7784,0.70746,523
development_2023_2025,1.0,episode_pm2h,6,GEM_GLOBAL,0.0859,,0.1166,0.754,0.47419,523
development_2023_2025,1.0,episode_pm2h,7,JMA_GSM,0.0322,,0.0363,0.7791,0.16444,523
development_2023_2025,1.0,episode_pm2h,8,ECMWF_HRES,0.0073,,0.0076,0.8462,0.04971,523
development_2023_2025,1.0,strict_hourly,1,GFS_GLOBAL,0.0821,0.1104,0.2547,0.892,2.35849,848
development_2023_2025,1.0,strict_hourly,2,METEOFRANCE_ARPEGE_WORLD,0.0762,0.1014,0.2181,0.8951,2.07855,853
development_2023_2025,1.0,strict_hourly,3,ICON_SEAMLESS,0.0752,0.1059,0.1641,0.878,1.34584,853
development_2023_2025,1.0,strict_hourly,4,GEM_GLOBAL,0.0737,0.1029,0.163,0.8813,1.3728,853
development_2023_2025,1.0,strict_hourly,5,CMA_GRAPES_GLOBAL,0.0602,0.0739,0.1606,0.9122,1.82884,853
development_2023_2025,1.0,strict_hourly,6,JMA_GSM,0.0476,0.0636,0.0809,0.8964,0.78077,853
development_2023_2025,1.0,strict_hourly,7,UKMO_GLOBAL_10KM,0.0471,0.0531,0.109,0.9235,1.42438,853
development_2023_2025,1.0,strict_hourly,8,ECMWF_HRES,0.0096,0.0122,0.0106,0.9082,0.11489,853
development_2023_2025,1.5,cadence_aware_episode,1,GFS_GLOBAL,0.0759,,0.1444,0.8619,1.04595,457
development_2023_2025,1.5,cadence_aware_episode,2,CMA_GRAPES_GLOBAL,0.071,,0.1004,0.8051,0.51528,458
development_2023_2025,1.5,cadence_aware_episode,3,METEOFRANCE_ARPEGE_WORLD,0.068,,0.1135,0.8552,0.78384,458
development_2023_2025,1.5,cadence_aware_episode,4,UKMO_GLOBAL_10KM,0.0667,,0.1376,0.8852,1.19869,458
development_2023_2025,1.5,cadence_aware_episode,5,GEM_GLOBAL,0.0607,,0.0764,0.7727,0.33624,458
development_2023_2025,1.5,cadence_aware_episode,6,ICON_SEAMLESS,0.047,,0.0742,0.8863,0.65284,458
development_2023_2025,1.5,cadence_aware_episode,7,JMA_GSM,0.0144,,0.0153,0.8,0.07642,458
development_2023_2025,1.5,cadence_aware_episode,8,ECMWF_HRES,0.0042,,0.0044,0.8824,0.03712,458
development_2023_2025,1.5,complete_3h_rate_equivalent,1,METEOFRANCE_ARPEGE_WORLD,0.0769,0.1085,0.1395,0.8536,0.95252,337
development_2023_2025,1.5,complete_3h_rate_equivalent,2,GFS_GLOBAL,0.0708,0.1004,0.1205,0.8535,0.82229,332
development_2023_2025,1.5,complete_3h_rate_equivalent,3,GEM_GLOBAL,0.0565,0.0779,0.089,0.8661,0.66469,337
development_2023_2025,1.5,complete_3h_rate_equivalent,4,CMA_GRAPES_GLOBAL,0.0536,0.0676,0.095,0.8904,0.86647,337
development_2023_2025,1.5,complete_3h_rate_equivalent,5,UKMO_GLOBAL_10KM,0.0518,0.0643,0.092,0.8938,0.86647,337
development_2023_2025,1.5,complete_3h_rate_equivalent,6,ICON_SEAMLESS,0.036,0.0492,0.0475,0.871,0.36795,337
development_2023_2025,1.5,complete_3h_rate_equivalent,7,JMA_GSM,0.0218,0.0274,0.0267,0.8929,0.24926,337
development_2023_2025,1.5,complete_3h_rate_equivalent,8,ECMWF_HRES,0.0056,0.0071,0.0059,0.8947,0.05638,337
development_2023_2025,1.5,complete_3h_same_numeric,1,METEOFRANCE_ARPEGE_WORLD,0.1347,0.1679,0.3221,0.812,1.71327,565
development_2023_2025,1.5,complete_3h_same_numeric,2,GFS_GLOBAL,0.1339,0.1616,0.3614,0.8247,2.06082,559
development_2023_2025,1.5,complete_3h_same_numeric,3,ICON_SEAMLESS,0.1284,0.1654,0.2602,0.7978,1.28673,565
development_2023_2025,1.5,complete_3h_same_numeric,4,GEM_GLOBAL,0.1106,0.1368,0.2195,0.8176,1.20354,565
development_2023_2025,1.5,complete_3h_same_numeric,5,CMA_GRAPES_GLOBAL,0.1067,0.1221,0.246,0.8415,1.55221,565
development_2023_2025,1.5,complete_3h_same_numeric,6,UKMO_GLOBAL_10KM,0.1007,0.115,0.2177,0.8423,1.38053,565
development_2023_2025,1.5,complete_3h_same_numeric,7,JMA_GSM,0.0873,0.101,0.1611,0.8398,1.00531,565
development_2023_2025,1.5,complete_3h_same_numeric,8,ECMWF_HRES,0.0146,0.0163,0.0159,0.85,0.10619,565
development_2023_2025,1.5,episode_pm1h,1,GFS_GLOBAL,0.0759,,0.1444,0.8619,1.04595,457
development_2023_2025,1.5,episode_pm1h,2,METEOFRANCE_ARPEGE_WORLD,0.068,,0.1135,0.8552,0.78384,458
development_2023_2025,1.5,episode_pm1h,3,UKMO_GLOBAL_10KM,0.0667,,0.1376,0.8852,1.19869,458
development_2023_2025,1.5,episode_pm1h,4,ICON_SEAMLESS,0.047,,0.0742,0.8863,0.65284,458
development_2023_2025,1.5,episode_pm1h,5,CMA_GRAPES_GLOBAL,0.0436,,0.0633,0.8771,0.51528,458
development_2023_2025,1.5,episode_pm1h,6,GEM_GLOBAL,0.0373,,0.048,0.8571,0.33624,458
development_2023_2025,1.5,episode_pm1h,7,JMA_GSM,0.0061,,0.0066,0.9143,0.07642,458
development_2023_2025,1.5,episode_pm1h,8,ECMWF_HRES,0.0042,,0.0044,0.8824,0.03712,458
development_2023_2025,1.5,episode_pm2h,1,GFS_GLOBAL,0.1131,,0.2079,0.8013,1.04595,457
development_2023_2025,1.5,episode_pm2h,2,METEOFRANCE_ARPEGE_WORLD,0.1085,,0.1747,0.7772,0.78384,458
development_2023_2025,1.5,episode_pm2h,3,UKMO_GLOBAL_10KM,0.103,,0.2052,0.8288,1.19869,458
development_2023_2025,1.5,episode_pm2h,4,ICON_SEAMLESS,0.0908,,0.1376,0.7893,0.65284,458
development_2023_2025,1.5,episode_pm2h,5,CMA_GRAPES_GLOBAL,0.071,,0.1004,0.8051,0.51528,458
development_2023_2025,1.5,episode_pm2h,6,GEM_GLOBAL,0.0607,,0.0764,0.7727,0.33624,458
development_2023_2025,1.5,episode_pm2h,7,JMA_GSM,0.0144,,0.0153,0.8,0.07642,458
development_2023_2025,1.5,episode_pm2h,8,ECMWF_HRES,0.0042,,0.0044,0.8824,0.03712,458
development_2023_2025,1.5,strict_hourly,1,METEOFRANCE_ARPEGE_WORLD,0.0697,0.0997,0.1676,0.8934,1.57263,716
development_2023_2025,1.5,strict_hourly,2,GFS_GLOBAL,0.0678,0.0969,0.1589,0.8943,1.50352,711
development_2023_2025,1.5,strict_hourly,3,CMA_GRAPES_GLOBAL,0.0507,0.0678,0.1075,0.9126,1.23045,716
development_2023_2025,1.5,strict_hourly,4,GEM_GLOBAL,0.0483,0.0669,0.0894,0.905,0.94134,716
development_2023_2025,1.5,strict_hourly,5,ICON_SEAMLESS,0.0447,0.063,0.0754,0.9011,0.76257,716
development_2023_2025,1.5,strict_hourly,6,UKMO_GLOBAL_10KM,0.0391,0.0464,0.0824,0.9308,1.19134,716
development_2023_2025,1.5,strict_hourly,7,JMA_GSM,0.032,0.0482,0.0419,0.881,0.35196,716
development_2023_2025,1.5,strict_hourly,8,ECMWF_HRES,0.0078,0.0113,0.0084,0.8983,0.0824,716
development_2023_2025,5.0,cadence_aware_episode,1,UKMO_GLOBAL_10KM,0.0286,,0.0433,0.9226,0.55957,277
development_2023_2025,5.0,cadence_aware_episode,2,GEM_GLOBAL,0.017,,0.0181,0.7727,0.07942,277
development_2023_2025,5.0,cadence_aware_episode,3,METEOFRANCE_ARPEGE_WORLD,0.0071,,0.0072,0.75,0.02888,277
development_2023_2025,5.0,cadence_aware_episode,4,GFS_GLOBAL,0.0036,,0.0036,0.8,0.01825,274
development_2023_2025,5.0,cadence_aware_episode,5,CMA_GRAPES_GLOBAL,0.0,,0.0,1.0,0.03971,277
development_2023_2025,5.0,cadence_aware_episode,6,ECMWF_HRES,0.0,,0.0,,0.0,277
development_2023_2025,5.0,cadence_aware_episode,7,ICON_SEAMLESS,0.0,,0.0,1.0,0.00722,277
development_2023_2025,5.0,cadence_aware_episode,8,JMA_GSM,0.0,,0.0,,0.0,277
development_2023_2025,5.0,complete_3h_rate_equivalent,1,GEM_GLOBAL,0.0163,0.0272,0.0204,0.9259,0.27551,98
development_2023_2025,5.0,complete_3h_rate_equivalent,2,UKMO_GLOBAL_10KM,0.0088,0.014,0.0102,0.9412,0.17347,98
development_2023_2025,5.0,complete_3h_rate_equivalent,3,ECMWF_HRES,0.0,0.0,0.0,,0.0,98
development_2023_2025,5.0,complete_3h_rate_equivalent,4,ICON_SEAMLESS,0.0,0.0,0.0,,0.0,98
development_2023_2025,5.0,complete_3h_rate_equivalent,5,JMA_GSM,0.0,0.0,0.0,,0.0,98
development_2023_2025,5.0,complete_3h_rate_equivalent,6,METEOFRANCE_ARPEGE_WORLD,0.0,-0.0005,0.0,1.0,0.02041,98
development_2023_2025,5.0,complete_3h_rate_equivalent,7,GFS_GLOBAL,0.0,-0.0011,0.0,1.0,0.05155,97
development_2023_2025,5.0,complete_3h_rate_equivalent,8,CMA_GRAPES_GLOBAL,0.0,-0.0025,0.0,1.0,0.12245,98
development_2023_2025,5.0,complete_3h_same_numeric,1,METEOFRANCE_ARPEGE_WORLD,0.0669,0.0944,0.1149,0.8619,0.8323,322
development_2023_2025,5.0,complete_3h_same_numeric,2,GFS_GLOBAL,0.0556,0.0774,0.0883,0.8698,0.67823,317
development_2023_2025,5.0,complete_3h_same_numeric,3,GEM_GLOBAL,0.0463,0.0637,0.0683,0.8743,0.54348,322
development_2023_2025,5.0,complete_3h_same_numeric,4,UKMO_GLOBAL_10KM,0.045,0.0545,0.0776,0.9031,0.80124,322
development_2023_2025,5.0,complete_3h_same_numeric,5,CMA_GRAPES_GLOBAL,0.0388,0.0439,0.0652,0.9125,0.74534,322
development_2023_2025,5.0,complete_3h_same_numeric,6,ICON_SEAMLESS,0.0201,0.0239,0.0248,0.9059,0.26398,322
development_2023_2025,5.0,complete_3h_same_numeric,7,JMA_GSM,0.0106,0.0092,0.0124,0.9333,0.18634,322
development_2023_2025,5.0,complete_3h_same_numeric,8,ECMWF_HRES,0.0059,0.008,0.0062,0.8824,0.0528,322
development_2023_2025,5.0,episode_pm1h,1,UKMO_GLOBAL_10KM,0.0286,,0.0433,0.9226,0.55957,277
development_2023_2025,5.0,episode_pm1h,2,METEOFRANCE_ARPEGE_WORLD,0.0071,,0.0072,0.75,0.02888,277
development_2023_2025,5.0,episode_pm1h,3,GEM_GLOBAL,0.0067,,0.0072,0.9091,0.07942,277
development_2023_2025,5.0,episode_pm1h,4,GFS_GLOBAL,0.0036,,0.0036,0.8,0.01825,274
development_2023_2025,5.0,episode_pm1h,5,CMA_GRAPES_GLOBAL,0.0,,0.0,1.0,0.03971,277
development_2023_2025,5.0,episode_pm1h,6,ECMWF_HRES,0.0,,0.0,,0.0,277
development_2023_2025,5.0,episode_pm1h,7,ICON_SEAMLESS,0.0,,0.0,1.0,0.00722,277
development_2023_2025,5.0,episode_pm1h,8,JMA_GSM,0.0,,0.0,,0.0,277
development_2023_2025,5.0,episode_pm2h,1,UKMO_GLOBAL_10KM,0.0562,,0.083,0.8516,0.55957,277
development_2023_2025,5.0,episode_pm2h,2,GEM_GLOBAL,0.017,,0.0181,0.7727,0.07942,277
development_2023_2025,5.0,episode_pm2h,3,METEOFRANCE_ARPEGE_WORLD,0.0071,,0.0072,0.75,0.02888,277
development_2023_2025,5.0,episode_pm2h,4,ICON_SEAMLESS,0.0036,,0.0036,0.5,0.00722,277
development_2023_2025,5.0,episode_pm2h,5,GFS_GLOBAL,0.0036,,0.0036,0.8,0.01825,274
development_2023_2025,5.0,episode_pm2h,6,CMA_GRAPES_GLOBAL,0.0,,0.0,1.0,0.03971,277
development_2023_2025,5.0,episode_pm2h,7,ECMWF_HRES,0.0,,0.0,,0.0,277
development_2023_2025,5.0,episode_pm2h,8,JMA_GSM,0.0,,0.0,,0.0,277
development_2023_2025,5.0,strict_hourly,1,UKMO_GLOBAL_10KM,0.0195,0.0292,0.0292,0.9448,0.5277,343
development_2023_2025,5.0,strict_hourly,2,GEM_GLOBAL,0.0095,0.0138,0.0117,0.9506,0.23615,343
development_2023_2025,5.0,strict_hourly,3,METEOFRANCE_ARPEGE_WORLD,0.0028,0.0046,0.0029,0.9231,0.0379,343
development_2023_2025,5.0,strict_hourly,4,ECMWF_HRES,0.0,0.0,0.0,,0.0,343
development_2023_2025,5.0,strict_hourly,5,JMA_GSM,0.0,0.0,0.0,,0.0,343
development_2023_2025,5.0,strict_hourly,6,ICON_SEAMLESS,0.0,-0.0002,0.0,1.0,0.00583,343
development_2023_2025,5.0,strict_hourly,7,GFS_GLOBAL,0.0,-0.0007,0.0,1.0,0.02663,338
development_2023_2025,5.0,strict_hourly,8,CMA_GRAPES_GLOBAL,0.0,-0.0025,0.0,1.0,0.10496,343
development_2023_2025,10.0,cadence_aware_episode,1,GEM_GLOBAL,0.0081,,0.0085,0.8571,0.05983,117
development_2023_2025,10.0,cadence_aware_episode,2,UKMO_GLOBAL_10KM,0.0068,,0.0085,0.9688,0.2735,117
development_2023_2025,10.0,cadence_aware_episode,3,CMA_GRAPES_GLOBAL,0.0,,0.0,1.0,0.00855,117
development_2023_2025,10.0,cadence_aware_episode,4,ECMWF_HRES,0.0,,0.0,,0.0,117
development_2023_2025,10.0,cadence_aware_episode,5,GFS_GLOBAL,0.0,,0.0,1.0,0.02564,117
development_2023_2025,10.0,cadence_aware_episode,6,ICON_SEAMLESS,0.0,,0.0,,0.0,117
development_2023_2025,10.0,cadence_aware_episode,7,JMA_GSM,0.0,,0.0,,0.0,117
development_2023_2025,10.0,cadence_aware_episode,8,METEOFRANCE_ARPEGE_WORLD,0.0,,0.0,,0.0,117
development_2023_2025,10.0,complete_3h_rate_equivalent,1,GEM_GLOBAL,0.0256,0.0484,0.0323,0.8889,0.29032,31
development_2023_2025,10.0,complete_3h_rate_equivalent,2,ECMWF_HRES,0.0,0.0,0.0,,0.0,31
development_2023_2025,10.0,complete_3h_rate_equivalent,3,GFS_GLOBAL,0.0,0.0,0.0,,0.0,30
development_2023_2025,10.0,complete_3h_rate_equivalent,4,ICON_SEAMLESS,0.0,0.0,0.0,,0.0,31
development_2023_2025,10.0,complete_3h_rate_equivalent,5,JMA_GSM,0.0,0.0,0.0,,0.0,31
development_2023_2025,10.0,complete_3h_rate_equivalent,6,METEOFRANCE_ARPEGE_WORLD,0.0,0.0,0.0,,0.0,31
development_2023_2025,10.0,complete_3h_rate_equivalent,7,CMA_GRAPES_GLOBAL,0.0,-0.0002,0.0,1.0,0.03226,31
development_2023_2025,10.0,complete_3h_rate_equivalent,8,UKMO_GLOBAL_10KM,0.0,-0.0004,0.0,1.0,0.06452,31
development_2023_2025,10.0,complete_3h_same_numeric,1,METEOFRANCE_ARPEGE_WORLD,0.0309,0.0528,0.0377,0.8537,0.25786,159
development_2023_2025,10.0,complete_3h_same_numeric,2,GEM_GLOBAL,0.0189,0.0275,0.0252,0.9298,0.35849,159
development_2023_2025,10.0,complete_3h_same_numeric,3,UKMO_GLOBAL_10KM,0.0176,0.0233,0.0252,0.9444,0.45283,159
development_2023_2025,10.0,complete_3h_same_numeric,4,ICON_SEAMLESS,0.0063,0.012,0.0063,0.5,0.01258,159
development_2023_2025,10.0,complete_3h_same_numeric,5,GFS_GLOBAL,0.0059,0.0085,0.0064,0.9333,0.09615,156
development_2023_2025,10.0,complete_3h_same_numeric,6,CMA_GRAPES_GLOBAL,0.0051,0.0028,0.0063,0.9744,0.24528,159
development_2023_2025,10.0,complete_3h_same_numeric,7,JMA_GSM,0.0,-0.0005,0.0,1.0,0.01258,159
development_2023_2025,10.0,complete_3h_same_numeric,8,ECMWF_HRES,0.0,-0.0007,0.0,1.0,0.01887,159
development_2023_2025,10.0,episode_pm1h,1,UKMO_GLOBAL_10KM,0.0068,,0.0085,0.9688,0.2735,117
development_2023_2025,10.0,episode_pm1h,2,CMA_GRAPES_GLOBAL,0.0,,0.0,1.0,0.00855,117
development_2023_2025,10.0,episode_pm1h,3,ECMWF_HRES,0.0,,0.0,,0.0,117
development_2023_2025,10.0,episode_pm1h,4,GEM_GLOBAL,0.0,,0.0,1.0,0.05983,117
development_2023_2025,10.0,episode_pm1h,5,GFS_GLOBAL,0.0,,0.0,1.0,0.02564,117
development_2023_2025,10.0,episode_pm1h,6,ICON_SEAMLESS,0.0,,0.0,,0.0,117
development_2023_2025,10.0,episode_pm1h,7,JMA_GSM,0.0,,0.0,,0.0,117
development_2023_2025,10.0,episode_pm1h,8,METEOFRANCE_ARPEGE_WORLD,0.0,,0.0,,0.0,117
development_2023_2025,10.0,episode_pm2h,1,GEM_GLOBAL,0.0081,,0.0085,0.8571,0.05983,117
development_2023_2025,10.0,episode_pm2h,2,UKMO_GLOBAL_10KM,0.0068,,0.0085,0.9688,0.2735,117
development_2023_2025,10.0,episode_pm2h,3,CMA_GRAPES_GLOBAL,0.0,,0.0,1.0,0.00855,117
development_2023_2025,10.0,episode_pm2h,4,ECMWF_HRES,0.0,,0.0,,0.0,117
development_2023_2025,10.0,episode_pm2h,5,GFS_GLOBAL,0.0,,0.0,1.0,0.02564,117
development_2023_2025,10.0,episode_pm2h,6,ICON_SEAMLESS,0.0,,0.0,,0.0,117
development_2023_2025,10.0,episode_pm2h,7,JMA_GSM,0.0,,0.0,,0.0,117
development_2023_2025,10.0,episode_pm2h,8,METEOFRANCE_ARPEGE_WORLD,0.0,,0.0,,0.0,117
development_2023_2025,10.0,strict_hourly,1,GEM_GLOBAL,0.0059,0.01,0.007,0.963,0.18881,143
development_2023_2025,10.0,strict_hourly,2,ECMWF_HRES,0.0,0.0,0.0,,0.0,143
development_2023_2025,10.0,strict_hourly,3,ICON_SEAMLESS,0.0,0.0,0.0,,0.0,143
development_2023_2025,10.0,strict_hourly,4,JMA_GSM,0.0,0.0,0.0,,0.0,143
development_2023_2025,10.0,strict_hourly,5,METEOFRANCE_ARPEGE_WORLD,0.0,0.0,0.0,,0.0,143
development_2023_2025,10.0,strict_hourly,6,CMA_GRAPES_GLOBAL,0.0,-0.0002,0.0,1.0,0.02098,143
development_2023_2025,10.0,strict_hourly,7,GFS_GLOBAL,0.0,-0.0003,0.0,1.0,0.02797,143
development_2023_2025,10.0,strict_hourly,8,UKMO_GLOBAL_10KM,0.0,-0.0021,0.0,1.0,0.23776,143
development_2023_2025,20.0,cadence_aware_episode,1,GEM_GLOBAL,0.0238,,0.025,0.6667,0.075,40
development_2023_2025,20.0,cadence_aware_episode,2,CMA_GRAPES_GLOBAL,0.0,,0.0,,0.0,40
development_2023_2025,20.0,cadence_aware_episode,3,ECMWF_HRES,0.0,,0.0,,0.0,40
development_2023_2025,20.0,cadence_aware_episode,4,GFS_GLOBAL,0.0,,0.0,,0.0,40
development_2023_2025,20.0,cadence_aware_episode,5,ICON_SEAMLESS,0.0,,0.0,,0.0,40
development_2023_2025,20.0,cadence_aware_episode,6,JMA_GSM,0.0,,0.0,,0.0,40
development_2023_2025,20.0,cadence_aware_episode,7,METEOFRANCE_ARPEGE_WORLD,0.0,,0.0,,0.0,40
development_2023_2025,20.0,cadence_aware_episode,8,UKMO_GLOBAL_10KM,0.0,,0.0,1.0,0.05,40
development_2023_2025,20.0,complete_3h_rate_equivalent,1,CMA_GRAPES_GLOBAL,0.0,0.0,0.0,,0.0,4
development_2023_2025,20.0,complete_3h_rate_equivalent,2,ECMWF_HRES,0.0,0.0,0.0,,0.0,4
development_2023_2025,20.0,complete_3h_rate_equivalent,3,GFS_GLOBAL,0.0,0.0,0.0,,0.0,3
development_2023_2025,20.0,complete_3h_rate_equivalent,4,ICON_SEAMLESS,0.0,0.0,0.0,,0.0,4
development_2023_2025,20.0,complete_3h_rate_equivalent,5,JMA_GSM,0.0,0.0,0.0,,0.0,4
development_2023_2025,20.0,complete_3h_rate_equivalent,6,METEOFRANCE_ARPEGE_WORLD,0.0,0.0,0.0,,0.0,4
development_2023_2025,20.0,complete_3h_rate_equivalent,7,UKMO_GLOBAL_10KM,0.0,-0.0002,0.0,1.0,0.25,4
development_2023_2025,20.0,complete_3h_rate_equivalent,8,GEM_GLOBAL,0.0,-0.0005,0.0,1.0,1.0,4
development_2023_2025,20.0,complete_3h_same_numeric,1,GEM_GLOBAL,0.025,0.046,0.0299,0.8667,0.22388,67
development_2023_2025,20.0,complete_3h_same_numeric,2,ECMWF_HRES,0.0,0.0,0.0,,0.0,67
development_2023_2025,20.0,complete_3h_same_numeric,3,ICON_SEAMLESS,0.0,0.0,0.0,,0.0,67
development_2023_2025,20.0,complete_3h_same_numeric,4,JMA_GSM,0.0,0.0,0.0,,0.0,67
development_2023_2025,20.0,complete_3h_same_numeric,5,METEOFRANCE_ARPEGE_WORLD,0.0,0.0,0.0,,0.0,67
development_2023_2025,20.0,complete_3h_same_numeric,6,GFS_GLOBAL,0.0,-0.0002,0.0,1.0,0.01515,66
development_2023_2025,20.0,complete_3h_same_numeric,7,CMA_GRAPES_GLOBAL,0.0,-0.0007,0.0,1.0,0.04478,67
development_2023_2025,20.0,complete_3h_same_numeric,8,UKMO_GLOBAL_10KM,0.0,-0.0019,0.0,1.0,0.13433,67
development_2023_2025,20.0,episode_pm1h,1,CMA_GRAPES_GLOBAL,0.0,,0.0,,0.0,40
development_2023_2025,20.0,episode_pm1h,2,ECMWF_HRES,0.0,,0.0,,0.0,40
development_2023_2025,20.0,episode_pm1h,3,GEM_GLOBAL,0.0,,0.0,1.0,0.075,40
development_2023_2025,20.0,episode_pm1h,4,GFS_GLOBAL,0.0,,0.0,,0.0,40
development_2023_2025,20.0,episode_pm1h,5,ICON_SEAMLESS,0.0,,0.0,,0.0,40
development_2023_2025,20.0,episode_pm1h,6,JMA_GSM,0.0,,0.0,,0.0,40
development_2023_2025,20.0,episode_pm1h,7,METEOFRANCE_ARPEGE_WORLD,0.0,,0.0,,0.0,40
development_2023_2025,20.0,episode_pm1h,8,UKMO_GLOBAL_10KM,0.0,,0.0,1.0,0.05,40
development_2023_2025,20.0,episode_pm2h,1,GEM_GLOBAL,0.0238,,0.025,0.6667,0.075,40
development_2023_2025,20.0,episode_pm2h,2,CMA_GRAPES_GLOBAL,0.0,,0.0,,0.0,40
development_2023_2025,20.0,episode_pm2h,3,ECMWF_HRES,0.0,,0.0,,0.0,40
development_2023_2025,20.0,episode_pm2h,4,GFS_GLOBAL,0.0,,0.0,,0.0,40
development_2023_2025,20.0,episode_pm2h,5,ICON_SEAMLESS,0.0,,0.0,,0.0,40
development_2023_2025,20.0,episode_pm2h,6,JMA_GSM,0.0,,0.0,,0.0,40
development_2023_2025,20.0,episode_pm2h,7,METEOFRANCE_ARPEGE_WORLD,0.0,,0.0,,0.0,40
development_2023_2025,20.0,episode_pm2h,8,UKMO_GLOBAL_10KM,0.0,,0.0,1.0,0.05,40
development_2023_2025,20.0,strict_hourly,1,GEM_GLOBAL,0.0185,0.0357,0.0233,0.9167,0.27907,43
development_2023_2025,20.0,strict_hourly,2,CMA_GRAPES_GLOBAL,0.0,0.0,0.0,,0.0,43
development_2023_2025,20.0,strict_hourly,3,ECMWF_HRES,0.0,0.0,0.0,,0.0,43
development_2023_2025,20.0,strict_hourly,4,GFS_GLOBAL,0.0,0.0,0.0,,0.0,43
development_2023_2025,20.0,strict_hourly,5,ICON_SEAMLESS,0.0,0.0,0.0,,0.0,43
development_2023_2025,20.0,strict_hourly,6,JMA_GSM,0.0,0.0,0.0,,0.0,43
development_2023_2025,20.0,strict_hourly,7,METEOFRANCE_ARPEGE_WORLD,0.0,0.0,0.0,,0.0,43
development_2023_2025,20.0,strict_hourly,8,UKMO_GLOBAL_10KM,0.0,-0.0002,0.0,1.0,0.06977,43
holdout_2026_h1,0.1,cadence_aware_episode,1,GEM_GLOBAL,0.1643,,0.2659,0.6993,0.88439,173
holdout_2026_h1,0.1,cadence_aware_episode,2,CMA_GRAPES_GLOBAL,0.1584,,0.2775,0.7303,1.0289,173
holdout_2026_h1,0.1,cadence_aware_episode,3,JMA_GSM,0.1322,,0.185,0.6832,0.58382,173
holdout_2026_h1,0.1,cadence_aware_episode,4,METEOFRANCE_ARPEGE_WORLD,0.1205,,0.289,0.8288,1.68786,173
holdout_2026_h1,0.1,cadence_aware_episode,5,UKMO_GLOBAL_10KM,0.1204,,0.2659,0.8196,1.47399,173
holdout_2026_h1,0.1,cadence_aware_episode,6,ICON_SEAMLESS,0.1117,,0.2486,0.8314,1.47399,173
holdout_2026_h1,0.1,cadence_aware_episode,7,ECMWF_HRES,0.1098,,0.2139,0.8159,1.16185,173
holdout_2026_h1,0.1,cadence_aware_episode,8,GFS_GLOBAL,0.0935,,0.2428,0.8679,1.83815,173
holdout_2026_h1,0.1,complete_3h_rate_equivalent,1,UKMO_GLOBAL_10KM,0.1954,0.2293,0.5312,0.7639,2.25,128
holdout_2026_h1,0.1,complete_3h_rate_equivalent,2,ICON_SEAMLESS,0.1712,0.1766,0.6328,0.8099,3.32812,128
holdout_2026_h1,0.1,complete_3h_rate_equivalent,3,ECMWF_HRES,0.1686,0.1624,0.8125,0.8246,4.63281,128
holdout_2026_h1,0.1,complete_3h_rate_equivalent,4,METEOFRANCE_ARPEGE_WORLD,0.1667,0.169,0.6094,0.8134,3.26562,128
holdout_2026_h1,0.1,complete_3h_rate_equivalent,5,GEM_GLOBAL,0.1662,0.1767,0.5078,0.8018,2.5625,128
holdout_2026_h1,0.1,complete_3h_rate_equivalent,6,GFS_GLOBAL,0.1389,0.1108,0.6719,0.851,4.50781,128
holdout_2026_h1,0.1,complete_3h_rate_equivalent,7,CMA_GRAPES_GLOBAL,0.1364,0.1179,0.4922,0.8413,3.10156,128
holdout_2026_h1,0.1,complete_3h_rate_equivalent,8,JMA_GSM,0.1267,0.0859,0.6641,0.8646,4.90625,128
holdout_2026_h1,0.1,complete_3h_same_numeric,1,ECMWF_HRES,0.25,0.2198,0.7342,0.7251,2.67117,222
holdout_2026_h1,0.1,complete_3h_same_numeric,2,ICON_SEAMLESS,0.2396,0.2038,0.6982,0.7328,2.61261,222
holdout_2026_h1,0.1,complete_3h_same_numeric,3,UKMO_GLOBAL_10KM,0.2185,0.1896,0.5225,0.7271,1.91441,222
holdout_2026_h1,0.1,complete_3h_same_numeric,4,GEM_GLOBAL,0.214,0.1963,0.455,0.7123,1.58108,222
holdout_2026_h1,0.1,complete_3h_same_numeric,5,METEOFRANCE_ARPEGE_WORLD,0.2133,0.1626,0.6109,0.7532,2.47511,221
holdout_2026_h1,0.1,complete_3h_same_numeric,6,GFS_GLOBAL,0.2041,0.1271,0.7207,0.7784,3.25225,222
holdout_2026_h1,0.1,complete_3h_same_numeric,7,JMA_GSM,0.1833,0.0982,0.5946,0.7905,2.83784,222
holdout_2026_h1,0.1,complete_3h_same_numeric,8,CMA_GRAPES_GLOBAL,0.1723,0.1136,0.4099,0.7708,1.78829,222
holdout_2026_h1,0.1,episode_pm1h,1,CMA_GRAPES_GLOBAL,0.1286,,0.2312,0.7753,1.0289,173
holdout_2026_h1,0.1,episode_pm1h,2,GEM_GLOBAL,0.1241,,0.2081,0.7647,0.88439,173
holdout_2026_h1,0.1,episode_pm1h,3,METEOFRANCE_ARPEGE_WORLD,0.1205,,0.289,0.8288,1.68786,173
holdout_2026_h1,0.1,episode_pm1h,4,UKMO_GLOBAL_10KM,0.1204,,0.2659,0.8196,1.47399,173
holdout_2026_h1,0.1,episode_pm1h,5,ICON_SEAMLESS,0.1117,,0.2486,0.8314,1.47399,173
holdout_2026_h1,0.1,episode_pm1h,6,ECMWF_HRES,0.1098,,0.2139,0.8159,1.16185,173
holdout_2026_h1,0.1,episode_pm1h,7,JMA_GSM,0.096,,0.1387,0.7624,0.58382,173
holdout_2026_h1,0.1,episode_pm1h,8,GFS_GLOBAL,0.0935,,0.2428,0.8679,1.83815,173
holdout_2026_h1,0.1,episode_pm2h,1,UKMO_GLOBAL_10KM,0.2022,,0.4162,0.7176,1.47399,173
holdout_2026_h1,0.1,episode_pm2h,2,METEOFRANCE_ARPEGE_WORLD,0.2016,,0.4509,0.7329,1.68786,173
holdout_2026_h1,0.1,episode_pm2h,3,GFS_GLOBAL,0.1831,,0.4393,0.761,1.83815,173
holdout_2026_h1,0.1,episode_pm2h,4,ICON_SEAMLESS,0.1662,,0.3526,0.7608,1.47399,173
holdout_2026_h1,0.1,episode_pm2h,5,GEM_GLOBAL,0.1643,,0.2659,0.6993,0.88439,173
holdout_2026_h1,0.1,episode_pm2h,6,CMA_GRAPES_GLOBAL,0.1584,,0.2775,0.7303,1.0289,173
holdout_2026_h1,0.1,episode_pm2h,7,ECMWF_HRES,0.1508,,0.2832,0.7562,1.16185,173
holdout_2026_h1,0.1,episode_pm2h,8,JMA_GSM,0.1322,,0.185,0.6832,0.58382,173
holdout_2026_h1,0.1,strict_hourly,1,ICON_SEAMLESS,0.1458,0.1431,0.6034,0.8387,3.74138,348
holdout_2026_h1,0.1,strict_hourly,2,ECMWF_HRES,0.1431,0.1304,0.7672,0.8504,5.12931,348
holdout_2026_h1,0.1,strict_hourly,3,GEM_GLOBAL,0.14,0.1413,0.4684,0.8335,2.81322,348
holdout_2026_h1,0.1,strict_hourly,4,METEOFRANCE_ARPEGE_WORLD,0.1242,0.1073,0.4828,0.8568,3.37069,348
holdout_2026_h1,0.1,strict_hourly,5,UKMO_GLOBAL_10KM,0.1231,0.1167,0.3707,0.8444,2.38218,348
holdout_2026_h1,0.1,strict_hourly,6,GFS_GLOBAL,0.119,0.0891,0.6034,0.8708,4.67241,348
holdout_2026_h1,0.1,strict_hourly,7,CMA_GRAPES_GLOBAL,0.1074,0.0761,0.431,0.8748,3.44253,348
holdout_2026_h1,0.1,strict_hourly,8,JMA_GSM,0.1051,0.0591,0.6149,0.8875,5.46839,348
holdout_2026_h1,1.0,cadence_aware_episode,1,GEM_GLOBAL,0.1491,,0.2537,0.7344,0.95522,67
holdout_2026_h1,1.0,cadence_aware_episode,2,METEOFRANCE_ARPEGE_WORLD,0.1189,,0.3284,0.8429,2.08955,67
holdout_2026_h1,1.0,cadence_aware_episode,3,UKMO_GLOBAL_10KM,0.109,,0.2537,0.8396,1.58209,67
holdout_2026_h1,1.0,cadence_aware_episode,4,GFS_GLOBAL,0.1081,,0.3582,0.8659,2.67164,67
holdout_2026_h1,1.0,cadence_aware_episode,5,ICON_SEAMLESS,0.0878,,0.2687,0.8846,2.32836,67
holdout_2026_h1,1.0,cadence_aware_episode,6,ECMWF_HRES,0.0797,,0.1642,0.8659,1.22388,67
holdout_2026_h1,1.0,cadence_aware_episode,7,CMA_GRAPES_GLOBAL,0.0647,,0.1642,0.9035,1.70149,67
holdout_2026_h1,1.0,cadence_aware_episode,8,JMA_GSM,0.0645,,0.0896,0.8125,0.47761,67
holdout_2026_h1,1.0,complete_3h_rate_equivalent,1,GEM_GLOBAL,0.1339,0.2022,0.3125,0.8101,1.64583,48
holdout_2026_h1,1.0,complete_3h_rate_equivalent,2,ECMWF_HRES,0.1197,0.1743,0.3542,0.8468,2.3125,48
holdout_2026_h1,1.0,complete_3h_rate_equivalent,3,UKMO_GLOBAL_10KM,0.0916,0.1281,0.25,0.8737,1.97917,48
holdout_2026_h1,1.0,complete_3h_rate_equivalent,4,GFS_GLOBAL,0.0734,0.0902,0.2708,0.9085,2.95833,48
holdout_2026_h1,1.0,complete_3h_rate_equivalent,5,ICON_SEAMLESS,0.0694,0.0831,0.25,0.9124,2.85417,48
holdout_2026_h1,1.0,complete_3h_rate_equivalent,6,METEOFRANCE_ARPEGE_WORLD,0.0645,0.0761,0.2083,0.9145,2.4375,48
holdout_2026_h1,1.0,complete_3h_rate_equivalent,7,CMA_GRAPES_GLOBAL,0.0631,0.0677,0.2917,0.9255,3.91667,48
holdout_2026_h1,1.0,complete_3h_rate_equivalent,8,JMA_GSM,0.0574,0.0684,0.1458,0.9136,1.6875,48
holdout_2026_h1,1.0,complete_3h_same_numeric,1,ECMWF_HRES,0.2007,0.2658,0.5934,0.7672,2.54945,91
holdout_2026_h1,1.0,complete_3h_same_numeric,2,GEM_GLOBAL,0.1632,0.2116,0.4286,0.7914,2.05495,91
holdout_2026_h1,1.0,complete_3h_same_numeric,3,ICON_SEAMLESS,0.1499,0.1781,0.5714,0.8312,3.38462,91
holdout_2026_h1,1.0,complete_3h_same_numeric,4,UKMO_GLOBAL_10KM,0.1485,0.1896,0.3736,0.8023,1.89011,91
holdout_2026_h1,1.0,complete_3h_same_numeric,5,METEOFRANCE_ARPEGE_WORLD,0.1472,0.1753,0.5275,0.8304,3.10989,91
holdout_2026_h1,1.0,complete_3h_same_numeric,6,GFS_GLOBAL,0.1391,0.1554,0.6374,0.849,4.21978,91
holdout_2026_h1,1.0,complete_3h_same_numeric,7,JMA_GSM,0.1384,0.1584,0.5385,0.8429,3.42857,91
holdout_2026_h1,1.0,complete_3h_same_numeric,8,CMA_GRAPES_GLOBAL,0.119,0.1251,0.4615,0.8618,3.34066,91
holdout_2026_h1,1.0,episode_pm1h,1,METEOFRANCE_ARPEGE_WORLD,0.1189,,0.3284,0.8429,2.08955,67
holdout_2026_h1,1.0,episode_pm1h,2,UKMO_GLOBAL_10KM,0.109,,0.2537,0.8396,1.58209,67
holdout_2026_h1,1.0,episode_pm1h,3,GFS_GLOBAL,0.1081,,0.3582,0.8659,2.67164,67
holdout_2026_h1,1.0,episode_pm1h,4,GEM_GLOBAL,0.1008,,0.1791,0.8125,0.95522,67
holdout_2026_h1,1.0,episode_pm1h,5,ICON_SEAMLESS,0.0878,,0.2687,0.8846,2.32836,67
holdout_2026_h1,1.0,episode_pm1h,6,ECMWF_HRES,0.0797,,0.1642,0.8659,1.22388,67
holdout_2026_h1,1.0,episode_pm1h,7,JMA_GSM,0.0645,,0.0896,0.8125,0.47761,67
holdout_2026_h1,1.0,episode_pm1h,8,CMA_GRAPES_GLOBAL,0.0462,,0.1194,0.9298,1.70149,67
holdout_2026_h1,1.0,episode_pm2h,1,UKMO_GLOBAL_10KM,0.1931,,0.4179,0.7358,1.58209,67
holdout_2026_h1,1.0,episode_pm2h,2,GFS_GLOBAL,0.1714,,0.5373,0.7989,2.67164,67
holdout_2026_h1,1.0,episode_pm2h,3,METEOFRANCE_ARPEGE_WORLD,0.1629,,0.4328,0.7929,2.08955,67
holdout_2026_h1,1.0,episode_pm2h,4,ICON_SEAMLESS,0.1554,,0.4478,0.8077,2.32836,67
holdout_2026_h1,1.0,episode_pm2h,5,GEM_GLOBAL,0.1491,,0.2537,0.7344,0.95522,67
holdout_2026_h1,1.0,episode_pm2h,6,ECMWF_HRES,0.1462,,0.2836,0.7683,1.22388,67
holdout_2026_h1,1.0,episode_pm2h,7,CMA_GRAPES_GLOBAL,0.0647,,0.1642,0.9035,1.70149,67
holdout_2026_h1,1.0,episode_pm2h,8,JMA_GSM,0.0645,,0.0896,0.8125,0.47761,67
holdout_2026_h1,1.0,strict_hourly,1,GEM_GLOBAL,0.0965,0.1483,0.3158,0.878,2.58947,95
holdout_2026_h1,1.0,strict_hourly,2,METEOFRANCE_ARPEGE_WORLD,0.0737,0.1049,0.3474,0.9145,4.06316,95
holdout_2026_h1,1.0,strict_hourly,3,ECMWF_HRES,0.0723,0.1035,0.3053,0.9134,3.52632,95
holdout_2026_h1,1.0,strict_hourly,4,UKMO_GLOBAL_10KM,0.0717,0.1046,0.2421,0.9076,2.62105,95
holdout_2026_h1,1.0,strict_hourly,5,ICON_SEAMLESS,0.0637,0.0857,0.3474,0.9276,4.8,95
holdout_2026_h1,1.0,strict_hourly,6,GFS_GLOBAL,0.0575,0.0736,0.3474,0.9355,5.38947,95
holdout_2026_h1,1.0,strict_hourly,7,JMA_GSM,0.053,0.0705,0.1789,0.93,2.55789,95
holdout_2026_h1,1.0,strict_hourly,8,CMA_GRAPES_GLOBAL,0.0506,0.06,0.3368,0.9439,6.0,95
holdout_2026_h1,1.5,cadence_aware_episode,1,GEM_GLOBAL,0.1765,,0.2679,0.6591,0.78571,56
holdout_2026_h1,1.5,cadence_aware_episode,2,UKMO_GLOBAL_10KM,0.129,,0.2857,0.8095,1.5,56
holdout_2026_h1,1.5,cadence_aware_episode,3,ECMWF_HRES,0.1031,,0.1786,0.8039,0.91071,56
holdout_2026_h1,1.5,cadence_aware_episode,4,GFS_GLOBAL,0.0987,,0.2679,0.8649,1.98214,56
holdout_2026_h1,1.5,cadence_aware_episode,5,METEOFRANCE_ARPEGE_WORLD,0.0956,,0.2321,0.8602,1.66071,56
holdout_2026_h1,1.5,cadence_aware_episode,6,CMA_GRAPES_GLOBAL,0.0781,,0.1786,0.878,1.46429,56
holdout_2026_h1,1.5,cadence_aware_episode,7,JMA_GSM,0.0597,,0.0714,0.7333,0.26786,56
holdout_2026_h1,1.5,cadence_aware_episode,8,ICON_SEAMLESS,0.0541,,0.1429,0.92,1.78571,56
holdout_2026_h1,1.5,complete_3h_rate_equivalent,1,GEM_GLOBAL,0.1039,0.1644,0.25,0.8491,1.65625,32
holdout_2026_h1,1.5,complete_3h_rate_equivalent,2,ECMWF_HRES,0.093,0.1444,0.25,0.871,1.9375,32
holdout_2026_h1,1.5,complete_3h_rate_equivalent,3,GFS_GLOBAL,0.0889,0.1367,0.25,0.8788,2.0625,32
holdout_2026_h1,1.5,complete_3h_rate_equivalent,4,METEOFRANCE_ARPEGE_WORLD,0.0761,0.1139,0.2188,0.8955,2.09375,32
holdout_2026_h1,1.5,complete_3h_rate_equivalent,5,ICON_SEAMLESS,0.0745,0.1108,0.2188,0.8986,2.15625,32
holdout_2026_h1,1.5,complete_3h_rate_equivalent,6,JMA_GSM,0.0678,0.1069,0.125,0.871,0.96875,32
holdout_2026_h1,1.5,complete_3h_rate_equivalent,7,CMA_GRAPES_GLOBAL,0.0548,0.0702,0.25,0.9344,3.8125,32
holdout_2026_h1,1.5,complete_3h_rate_equivalent,8,UKMO_GLOBAL_10KM,0.0494,0.0675,0.125,0.9245,1.65625,32
holdout_2026_h1,1.5,complete_3h_same_numeric,1,GEM_GLOBAL,0.1667,0.2291,0.4286,0.7857,2.0,77
holdout_2026_h1,1.5,complete_3h_same_numeric,2,ECMWF_HRES,0.1667,0.2238,0.5195,0.803,2.63636,77
holdout_2026_h1,1.5,complete_3h_same_numeric,3,UKMO_GLOBAL_10KM,0.1392,0.186,0.3506,0.8125,1.87013,77
holdout_2026_h1,1.5,complete_3h_same_numeric,4,ICON_SEAMLESS,0.1351,0.1675,0.5195,0.8456,3.36364,77
holdout_2026_h1,1.5,complete_3h_same_numeric,5,GFS_GLOBAL,0.1327,0.1605,0.5844,0.8534,3.98701,77
holdout_2026_h1,1.5,complete_3h_same_numeric,6,METEOFRANCE_ARPEGE_WORLD,0.1326,0.1657,0.4545,0.8423,2.88312,77
holdout_2026_h1,1.5,complete_3h_same_numeric,7,JMA_GSM,0.13,0.1585,0.5065,0.8511,3.4026,77
holdout_2026_h1,1.5,complete_3h_same_numeric,8,CMA_GRAPES_GLOBAL,0.0997,0.1042,0.4156,0.8841,3.58442,77
holdout_2026_h1,1.5,episode_pm1h,1,UKMO_GLOBAL_10KM,0.129,,0.2857,0.8095,1.5,56
holdout_2026_h1,1.5,episode_pm1h,2,GEM_GLOBAL,0.1111,,0.1786,0.7727,0.78571,56
holdout_2026_h1,1.5,episode_pm1h,3,ECMWF_HRES,0.1031,,0.1786,0.8039,0.91071,56
holdout_2026_h1,1.5,episode_pm1h,4,GFS_GLOBAL,0.0987,,0.2679,0.8649,1.98214,56
holdout_2026_h1,1.5,episode_pm1h,5,METEOFRANCE_ARPEGE_WORLD,0.0956,,0.2321,0.8602,1.66071,56
holdout_2026_h1,1.5,episode_pm1h,6,CMA_GRAPES_GLOBAL,0.0615,,0.1429,0.9024,1.46429,56
holdout_2026_h1,1.5,episode_pm1h,7,JMA_GSM,0.0597,,0.0714,0.7333,0.26786,56
holdout_2026_h1,1.5,episode_pm1h,8,ICON_SEAMLESS,0.0541,,0.1429,0.92,1.78571,56
holdout_2026_h1,1.5,episode_pm2h,1,UKMO_GLOBAL_10KM,0.1864,,0.3929,0.7381,1.5,56
holdout_2026_h1,1.5,episode_pm2h,2,GEM_GLOBAL,0.1765,,0.2679,0.6591,0.78571,56
holdout_2026_h1,1.5,episode_pm2h,3,ECMWF_HRES,0.1758,,0.2857,0.6863,0.91071,56
holdout_2026_h1,1.5,episode_pm2h,4,GFS_GLOBAL,0.1597,,0.4107,0.7928,1.98214,56
holdout_2026_h1,1.5,episode_pm2h,5,METEOFRANCE_ARPEGE_WORLD,0.1462,,0.3393,0.7957,1.66071,56
holdout_2026_h1,1.5,episode_pm2h,6,ICON_SEAMLESS,0.1143,,0.2857,0.84,1.78571,56
holdout_2026_h1,1.5,episode_pm2h,7,CMA_GRAPES_GLOBAL,0.0781,,0.1786,0.878,1.46429,56
holdout_2026_h1,1.5,episode_pm2h,8,JMA_GSM,0.0597,,0.0714,0.7333,0.26786,56
holdout_2026_h1,1.5,strict_hourly,1,GEM_GLOBAL,0.0955,0.153,0.2658,0.8704,2.05063,79
holdout_2026_h1,1.5,strict_hourly,2,UKMO_GLOBAL_10KM,0.0805,0.1265,0.2405,0.892,2.22785,79
holdout_2026_h1,1.5,strict_hourly,3,ECMWF_HRES,0.0723,0.1114,0.2278,0.9043,2.37975,79
holdout_2026_h1,1.5,strict_hourly,4,METEOFRANCE_ARPEGE_WORLD,0.0658,0.0979,0.2532,0.9184,3.10127,79
holdout_2026_h1,1.5,strict_hourly,5,GFS_GLOBAL,0.0604,0.0875,0.2532,0.9265,3.44304,79
holdout_2026_h1,1.5,strict_hourly,6,ICON_SEAMLESS,0.0518,0.0722,0.2025,0.935,3.11392,79
holdout_2026_h1,1.5,strict_hourly,7,CMA_GRAPES_GLOBAL,0.0466,0.0601,0.2532,0.9459,4.68354,79
holdout_2026_h1,1.5,strict_hourly,8,JMA_GSM,0.0361,0.0506,0.0759,0.9355,1.17722,79
holdout_2026_h1,5.0,cadence_aware_episode,1,UKMO_GLOBAL_10KM,0.0455,,0.0769,0.9,0.76923,26
holdout_2026_h1,5.0,cadence_aware_episode,2,GFS_GLOBAL,0.0345,,0.0385,0.75,0.15385,26
holdout_2026_h1,5.0,cadence_aware_episode,3,GEM_GLOBAL,0.0256,,0.0385,0.9286,0.53846,26
holdout_2026_h1,5.0,cadence_aware_episode,4,CMA_GRAPES_GLOBAL,0.0,,0.0,1.0,0.11538,26
holdout_2026_h1,5.0,cadence_aware_episode,5,ECMWF_HRES,0.0,,0.0,1.0,0.03846,26
holdout_2026_h1,5.0,cadence_aware_episode,6,ICON_SEAMLESS,0.0,,0.0,1.0,0.03846,26
holdout_2026_h1,5.0,cadence_aware_episode,7,JMA_GSM,0.0,,0.0,,0.0,26
holdout_2026_h1,5.0,cadence_aware_episode,8,METEOFRANCE_ARPEGE_WORLD,0.0,,0.0,1.0,0.07692,26
holdout_2026_h1,5.0,complete_3h_rate_equivalent,1,ICON_SEAMLESS,0.0,0.0,0.0,,0.0,8
holdout_2026_h1,5.0,complete_3h_rate_equivalent,2,JMA_GSM,0.0,0.0,0.0,,0.0,8
holdout_2026_h1,5.0,complete_3h_rate_equivalent,3,METEOFRANCE_ARPEGE_WORLD,0.0,0.0,0.0,,0.0,8
holdout_2026_h1,5.0,complete_3h_rate_equivalent,4,ECMWF_HRES,0.0,-0.0013,0.0,1.0,0.125,8
holdout_2026_h1,5.0,complete_3h_rate_equivalent,5,GFS_GLOBAL,0.0,-0.0023,0.0,1.0,0.25,8
holdout_2026_h1,5.0,complete_3h_rate_equivalent,6,CMA_GRAPES_GLOBAL,0.0,-0.0038,0.0,1.0,0.5,8
holdout_2026_h1,5.0,complete_3h_rate_equivalent,7,UKMO_GLOBAL_10KM,0.0,-0.0054,0.0,1.0,0.875,8
holdout_2026_h1,5.0,complete_3h_rate_equivalent,8,GEM_GLOBAL,0.0,-0.0067,0.0,1.0,1.375,8
holdout_2026_h1,5.0,complete_3h_same_numeric,1,ECMWF_HRES,0.1,0.1598,0.2333,0.8511,1.56667,30
holdout_2026_h1,5.0,complete_3h_same_numeric,2,GEM_GLOBAL,0.0986,0.1572,0.2333,0.8542,1.6,30
holdout_2026_h1,5.0,complete_3h_same_numeric,3,ICON_SEAMLESS,0.0909,0.143,0.2333,0.8704,1.8,30
holdout_2026_h1,5.0,complete_3h_same_numeric,4,METEOFRANCE_ARPEGE_WORLD,0.0864,0.1346,0.2333,0.8793,1.93333,30
holdout_2026_h1,5.0,complete_3h_same_numeric,5,GFS_GLOBAL,0.0741,0.113,0.2,0.8947,1.9,30
holdout_2026_h1,5.0,complete_3h_same_numeric,6,JMA_GSM,0.0652,0.1076,0.1,0.8421,0.63333,30
holdout_2026_h1,5.0,complete_3h_same_numeric,7,UKMO_GLOBAL_10KM,0.0411,0.0544,0.1,0.9348,1.53333,30
holdout_2026_h1,5.0,complete_3h_same_numeric,8,CMA_GRAPES_GLOBAL,0.0407,0.0468,0.1667,0.949,3.26667,30
holdout_2026_h1,5.0,episode_pm1h,1,UKMO_GLOBAL_10KM,0.0455,,0.0769,0.9,0.76923,26
holdout_2026_h1,5.0,episode_pm1h,2,GFS_GLOBAL,0.0345,,0.0385,0.75,0.15385,26
holdout_2026_h1,5.0,episode_pm1h,3,GEM_GLOBAL,0.0256,,0.0385,0.9286,0.53846,26
holdout_2026_h1,5.0,episode_pm1h,4,CMA_GRAPES_GLOBAL,0.0,,0.0,1.0,0.11538,26
holdout_2026_h1,5.0,episode_pm1h,5,ECMWF_HRES,0.0,,0.0,1.0,0.03846,26
holdout_2026_h1,5.0,episode_pm1h,6,ICON_SEAMLESS,0.0,,0.0,1.0,0.03846,26
holdout_2026_h1,5.0,episode_pm1h,7,JMA_GSM,0.0,,0.0,,0.0,26
holdout_2026_h1,5.0,episode_pm1h,8,METEOFRANCE_ARPEGE_WORLD,0.0,,0.0,1.0,0.07692,26
holdout_2026_h1,5.0,episode_pm2h,1,UKMO_GLOBAL_10KM,0.0952,,0.1538,0.8,0.76923,26
holdout_2026_h1,5.0,episode_pm2h,2,GFS_GLOBAL,0.0345,,0.0385,0.75,0.15385,26
holdout_2026_h1,5.0,episode_pm2h,3,GEM_GLOBAL,0.0256,,0.0385,0.9286,0.53846,26
holdout_2026_h1,5.0,episode_pm2h,4,CMA_GRAPES_GLOBAL,0.0,,0.0,1.0,0.11538,26
holdout_2026_h1,5.0,episode_pm2h,5,ECMWF_HRES,0.0,,0.0,1.0,0.03846,26
holdout_2026_h1,5.0,episode_pm2h,6,ICON_SEAMLESS,0.0,,0.0,1.0,0.03846,26
holdout_2026_h1,5.0,episode_pm2h,7,JMA_GSM,0.0,,0.0,,0.0,26
holdout_2026_h1,5.0,episode_pm2h,8,METEOFRANCE_ARPEGE_WORLD,0.0,,0.0,1.0,0.07692,26
holdout_2026_h1,5.0,strict_hourly,1,UKMO_GLOBAL_10KM,0.0492,0.0869,0.1,0.9118,1.13333,30
holdout_2026_h1,5.0,strict_hourly,2,GFS_GLOBAL,0.0263,0.0482,0.0333,0.8889,0.3,30
holdout_2026_h1,5.0,strict_hourly,3,JMA_GSM,0.0,0.0,0.0,,0.0,30
holdout_2026_h1,5.0,strict_hourly,4,ICON_SEAMLESS,0.0,-0.0009,0.0,1.0,0.06667,30
holdout_2026_h1,5.0,strict_hourly,5,ECMWF_HRES,0.0,-0.0013,0.0,1.0,0.1,30
holdout_2026_h1,5.0,strict_hourly,6,METEOFRANCE_ARPEGE_WORLD,0.0,-0.0013,0.0,1.0,0.1,30
holdout_2026_h1,5.0,strict_hourly,7,CMA_GRAPES_GLOBAL,0.0,-0.0041,0.0,1.0,0.4,30
holdout_2026_h1,5.0,strict_hourly,8,GEM_GLOBAL,0.0,-0.0082,0.0,1.0,1.33333,30
holdout_2026_h1,10.0,cadence_aware_episode,1,CMA_GRAPES_GLOBAL,0.0,,0.0,,0.0,14
holdout_2026_h1,10.0,cadence_aware_episode,2,ECMWF_HRES,0.0,,0.0,,0.0,14
holdout_2026_h1,10.0,cadence_aware_episode,3,GEM_GLOBAL,0.0,,0.0,1.0,0.21429,14
holdout_2026_h1,10.0,cadence_aware_episode,4,GFS_GLOBAL,0.0,,0.0,1.0,0.07143,14
holdout_2026_h1,10.0,cadence_aware_episode,5,ICON_SEAMLESS,0.0,,0.0,,0.0,14
holdout_2026_h1,10.0,cadence_aware_episode,6,JMA_GSM,0.0,,0.0,,0.0,14
holdout_2026_h1,10.0,cadence_aware_episode,7,METEOFRANCE_ARPEGE_WORLD,0.0,,0.0,,0.0,14
holdout_2026_h1,10.0,cadence_aware_episode,8,UKMO_GLOBAL_10KM,0.0,,0.0,1.0,0.14286,14
holdout_2026_h1,10.0,complete_3h_rate_equivalent,1,CMA_GRAPES_GLOBAL,0.0,0.0,0.0,,0.0,3
holdout_2026_h1,10.0,complete_3h_rate_equivalent,2,ECMWF_HRES,0.0,0.0,0.0,,0.0,3
holdout_2026_h1,10.0,complete_3h_rate_equivalent,3,ICON_SEAMLESS,0.0,0.0,0.0,,0.0,3
holdout_2026_h1,10.0,complete_3h_rate_equivalent,4,JMA_GSM,0.0,0.0,0.0,,0.0,3
holdout_2026_h1,10.0,complete_3h_rate_equivalent,5,METEOFRANCE_ARPEGE_WORLD,0.0,0.0,0.0,,0.0,3
holdout_2026_h1,10.0,complete_3h_rate_equivalent,6,UKMO_GLOBAL_10KM,0.0,0.0,0.0,,0.0,3
holdout_2026_h1,10.0,complete_3h_rate_equivalent,7,GFS_GLOBAL,0.0,-0.0011,0.0,1.0,0.33333,3
holdout_2026_h1,10.0,complete_3h_rate_equivalent,8,GEM_GLOBAL,0.0,-0.0021,0.0,1.0,1.0,3
holdout_2026_h1,10.0,complete_3h_same_numeric,1,GFS_GLOBAL,0.0952,0.1686,0.1176,0.6667,0.35294,17
holdout_2026_h1,10.0,complete_3h_same_numeric,2,GEM_GLOBAL,0.0571,0.0962,0.1176,0.9,1.17647,17
holdout_2026_h1,10.0,complete_3h_same_numeric,3,METEOFRANCE_ARPEGE_WORLD,0.0417,0.0728,0.0588,0.875,0.47059,17
holdout_2026_h1,10.0,complete_3h_same_numeric,4,UKMO_GLOBAL_10KM,0.0294,0.0452,0.0588,0.9444,1.05882,17
holdout_2026_h1,10.0,complete_3h_same_numeric,5,CMA_GRAPES_GLOBAL,0.0278,0.0415,0.0588,0.95,1.17647,17
holdout_2026_h1,10.0,complete_3h_same_numeric,6,JMA_GSM,0.0,0.0,0.0,,0.0,17
holdout_2026_h1,10.0,complete_3h_same_numeric,7,ICON_SEAMLESS,0.0,-0.0014,0.0,1.0,0.05882,17
holdout_2026_h1,10.0,complete_3h_same_numeric,8,ECMWF_HRES,0.0,-0.0096,0.0,1.0,0.64706,17
holdout_2026_h1,10.0,episode_pm1h,1,CMA_GRAPES_GLOBAL,0.0,,0.0,,0.0,14
holdout_2026_h1,10.0,episode_pm1h,2,ECMWF_HRES,0.0,,0.0,,0.0,14
holdout_2026_h1,10.0,episode_pm1h,3,GEM_GLOBAL,0.0,,0.0,1.0,0.21429,14
holdout_2026_h1,10.0,episode_pm1h,4,GFS_GLOBAL,0.0,,0.0,1.0,0.07143,14
holdout_2026_h1,10.0,episode_pm1h,5,ICON_SEAMLESS,0.0,,0.0,,0.0,14
holdout_2026_h1,10.0,episode_pm1h,6,JMA_GSM,0.0,,0.0,,0.0,14
holdout_2026_h1,10.0,episode_pm1h,7,METEOFRANCE_ARPEGE_WORLD,0.0,,0.0,,0.0,14
holdout_2026_h1,10.0,episode_pm1h,8,UKMO_GLOBAL_10KM,0.0,,0.0,1.0,0.14286,14
holdout_2026_h1,10.0,episode_pm2h,1,CMA_GRAPES_GLOBAL,0.0,,0.0,,0.0,14
holdout_2026_h1,10.0,episode_pm2h,2,ECMWF_HRES,0.0,,0.0,,0.0,14
holdout_2026_h1,10.0,episode_pm2h,3,GEM_GLOBAL,0.0,,0.0,1.0,0.21429,14
holdout_2026_h1,10.0,episode_pm2h,4,GFS_GLOBAL,0.0,,0.0,1.0,0.07143,14
holdout_2026_h1,10.0,episode_pm2h,5,ICON_SEAMLESS,0.0,,0.0,,0.0,14
holdout_2026_h1,10.0,episode_pm2h,6,JMA_GSM,0.0,,0.0,,0.0,14
holdout_2026_h1,10.0,episode_pm2h,7,METEOFRANCE_ARPEGE_WORLD,0.0,,0.0,,0.0,14
holdout_2026_h1,10.0,episode_pm2h,8,UKMO_GLOBAL_10KM,0.0,,0.0,1.0,0.14286,14
holdout_2026_h1,10.0,strict_hourly,1,CMA_GRAPES_GLOBAL,0.0,0.0,0.0,,0.0,15
holdout_2026_h1,10.0,strict_hourly,2,ECMWF_HRES,0.0,0.0,0.0,,0.0,15
holdout_2026_h1,10.0,strict_hourly,3,ICON_SEAMLESS,0.0,0.0,0.0,,0.0,15
holdout_2026_h1,10.0,strict_hourly,4,JMA_GSM,0.0,0.0,0.0,,0.0,15
holdout_2026_h1,10.0,strict_hourly,5,METEOFRANCE_ARPEGE_WORLD,0.0,0.0,0.0,,0.0,15
holdout_2026_h1,10.0,strict_hourly,6,GFS_GLOBAL,0.0,-0.0012,0.0,1.0,0.2,15
holdout_2026_h1,10.0,strict_hourly,7,UKMO_GLOBAL_10KM,0.0,-0.0012,0.0,1.0,0.2,15
holdout_2026_h1,10.0,strict_hourly,8,GEM_GLOBAL,0.0,-0.0027,0.0,1.0,0.6,15
holdout_2026_h1,20.0,cadence_aware_episode,1,CMA_GRAPES_GLOBAL,0.0,,0.0,,0.0,3
holdout_2026_h1,20.0,cadence_aware_episode,2,ECMWF_HRES,0.0,,0.0,,0.0,3
holdout_2026_h1,20.0,cadence_aware_episode,3,GEM_GLOBAL,0.0,,0.0,1.0,0.33333,3
holdout_2026_h1,20.0,cadence_aware_episode,4,GFS_GLOBAL,0.0,,0.0,1.0,0.33333,3
holdout_2026_h1,20.0,cadence_aware_episode,5,ICON_SEAMLESS,0.0,,0.0,,0.0,3
holdout_2026_h1,20.0,cadence_aware_episode,6,JMA_GSM,0.0,,0.0,,0.0,3
holdout_2026_h1,20.0,cadence_aware_episode,7,METEOFRANCE_ARPEGE_WORLD,0.0,,0.0,,0.0,3
holdout_2026_h1,20.0,cadence_aware_episode,8,UKMO_GLOBAL_10KM,0.0,,0.0,,0.0,3
holdout_2026_h1,20.0,complete_3h_rate_equivalent,1,GEM_GLOBAL,0.0,0.0,,1.0,,0
holdout_2026_h1,20.0,complete_3h_rate_equivalent,2,CMA_GRAPES_GLOBAL,,,,,,0
holdout_2026_h1,20.0,complete_3h_rate_equivalent,3,ECMWF_HRES,,,,,,0
holdout_2026_h1,20.0,complete_3h_rate_equivalent,4,GFS_GLOBAL,,,,,,0
holdout_2026_h1,20.0,complete_3h_rate_equivalent,5,ICON_SEAMLESS,,,,,,0
holdout_2026_h1,20.0,complete_3h_rate_equivalent,6,JMA_GSM,,,,,,0
holdout_2026_h1,20.0,complete_3h_rate_equivalent,7,METEOFRANCE_ARPEGE_WORLD,,,,,,0
holdout_2026_h1,20.0,complete_3h_rate_equivalent,8,UKMO_GLOBAL_10KM,,,,,,0
holdout_2026_h1,20.0,complete_3h_same_numeric,1,ICON_SEAMLESS,0.0,0.0,0.0,,0.0,4
holdout_2026_h1,20.0,complete_3h_same_numeric,2,JMA_GSM,0.0,0.0,0.0,,0.0,4
holdout_2026_h1,20.0,complete_3h_same_numeric,3,METEOFRANCE_ARPEGE_WORLD,0.0,0.0,0.0,,0.0,4
holdout_2026_h1,20.0,complete_3h_same_numeric,4,ECMWF_HRES,0.0,-0.0011,0.0,1.0,0.25,4
holdout_2026_h1,20.0,complete_3h_same_numeric,5,GFS_GLOBAL,0.0,-0.0011,0.0,1.0,0.25,4
holdout_2026_h1,20.0,complete_3h_same_numeric,6,UKMO_GLOBAL_10KM,0.0,-0.0011,0.0,1.0,0.25,4
holdout_2026_h1,20.0,complete_3h_same_numeric,7,CMA_GRAPES_GLOBAL,0.0,-0.0019,0.0,1.0,0.5,4
holdout_2026_h1,20.0,complete_3h_same_numeric,8,GEM_GLOBAL,0.0,-0.0037,0.0,1.0,1.75,4
holdout_2026_h1,20.0,episode_pm1h,1,CMA_GRAPES_GLOBAL,0.0,,0.0,,0.0,3
holdout_2026_h1,20.0,episode_pm1h,2,ECMWF_HRES,0.0,,0.0,,0.0,3
holdout_2026_h1,20.0,episode_pm1h,3,GEM_GLOBAL,0.0,,0.0,1.0,0.33333,3
holdout_2026_h1,20.0,episode_pm1h,4,GFS_GLOBAL,0.0,,0.0,1.0,0.33333,3
holdout_2026_h1,20.0,episode_pm1h,5,ICON_SEAMLESS,0.0,,0.0,,0.0,3
holdout_2026_h1,20.0,episode_pm1h,6,JMA_GSM,0.0,,0.0,,0.0,3
holdout_2026_h1,20.0,episode_pm1h,7,METEOFRANCE_ARPEGE_WORLD,0.0,,0.0,,0.0,3
holdout_2026_h1,20.0,episode_pm1h,8,UKMO_GLOBAL_10KM,0.0,,0.0,,0.0,3
holdout_2026_h1,20.0,episode_pm2h,1,CMA_GRAPES_GLOBAL,0.0,,0.0,,0.0,3
holdout_2026_h1,20.0,episode_pm2h,2,ECMWF_HRES,0.0,,0.0,,0.0,3
holdout_2026_h1,20.0,episode_pm2h,3,GEM_GLOBAL,0.0,,0.0,1.0,0.33333,3
holdout_2026_h1,20.0,episode_pm2h,4,GFS_GLOBAL,0.0,,0.0,1.0,0.33333,3
holdout_2026_h1,20.0,episode_pm2h,5,ICON_SEAMLESS,0.0,,0.0,,0.0,3
holdout_2026_h1,20.0,episode_pm2h,6,JMA_GSM,0.0,,0.0,,0.0,3
holdout_2026_h1,20.0,episode_pm2h,7,METEOFRANCE_ARPEGE_WORLD,0.0,,0.0,,0.0,3
holdout_2026_h1,20.0,episode_pm2h,8,UKMO_GLOBAL_10KM,0.0,,0.0,,0.0,3
holdout_2026_h1,20.0,strict_hourly,1,CMA_GRAPES_GLOBAL,0.0,0.0,0.0,,0.0,3
holdout_2026_h1,20.0,strict_hourly,2,ECMWF_HRES,0.0,0.0,0.0,,0.0,3
holdout_2026_h1,20.0,strict_hourly,3,ICON_SEAMLESS,0.0,0.0,0.0,,0.0,3
holdout_2026_h1,20.0,strict_hourly,4,JMA_GSM,0.0,0.0,0.0,,0.0,3
holdout_2026_h1,20.0,strict_hourly,5,METEOFRANCE_ARPEGE_WORLD,0.0,0.0,0.0,,0.0,3
holdout_2026_h1,20.0,strict_hourly,6,UKMO_GLOBAL_10KM,0.0,0.0,0.0,,0.0,3
holdout_2026_h1,20.0,strict_hourly,7,GFS_GLOBAL,0.0,-0.0004,0.0,1.0,0.33333,3
holdout_2026_h1,20.0,strict_hourly,8,GEM_GLOBAL,0.0,-0.0007,0.0,1.0,1.0,3
