hourly_threshold_mm,product,model,development_rank,holdout_rank,rank_change_holdout_minus_development,development_CSI,holdout_CSI,development_FAR,holdout_FAR,development_top3,holdout_top3
0.1,cadence_aware_episode,CMA_GRAPES_GLOBAL,1,2,1,0.1399,0.1584,0.6651,0.7303,True,True
0.1,cadence_aware_episode,ECMWF_HRES,8,7,-1,0.006,0.1098,0.8679,0.8159,False,False
0.1,cadence_aware_episode,GEM_GLOBAL,5,1,-4,0.106,0.1643,0.7183,0.6993,False,True
0.1,cadence_aware_episode,GFS_GLOBAL,4,8,4,0.1066,0.0935,0.8164,0.8679,False,False
0.1,cadence_aware_episode,ICON_SEAMLESS,2,6,4,0.1326,0.1117,0.7724,0.8314,True,False
0.1,cadence_aware_episode,JMA_GSM,7,3,-4,0.0606,0.1322,0.688,0.6832,False,True
0.1,cadence_aware_episode,METEOFRANCE_ARPEGE_WORLD,6,4,-2,0.1013,0.1205,0.7952,0.8288,False,False
0.1,cadence_aware_episode,UKMO_GLOBAL_10KM,3,5,2,0.1193,0.1204,0.8194,0.8196,True,False
0.1,complete_3h_rate_equivalent,CMA_GRAPES_GLOBAL,4,7,3,0.1546,0.1364,0.7839,0.8413,False,False
0.1,complete_3h_rate_equivalent,ECMWF_HRES,8,3,-5,0.0275,0.1686,0.8402,0.8246,False,True
0.1,complete_3h_rate_equivalent,GEM_GLOBAL,6,5,-1,0.1377,0.1662,0.8071,0.8018,False,False
0.1,complete_3h_rate_equivalent,GFS_GLOBAL,3,6,3,0.155,0.1389,0.8118,0.851,True,False
0.1,complete_3h_rate_equivalent,ICON_SEAMLESS,1,2,1,0.1916,0.1712,0.7516,0.8099,True,True
0.1,complete_3h_rate_equivalent,JMA_GSM,7,8,1,0.1221,0.1267,0.8277,0.8646,False,False
0.1,complete_3h_rate_equivalent,METEOFRANCE_ARPEGE_WORLD,2,4,2,0.1772,0.1667,0.7764,0.8134,True,False
0.1,complete_3h_rate_equivalent,UKMO_GLOBAL_10KM,5,1,-4,0.1389,0.1954,0.8141,0.7639,False,True
0.1,complete_3h_same_numeric,CMA_GRAPES_GLOBAL,4,8,4,0.1882,0.1723,0.6774,0.7708,False,False
0.1,complete_3h_same_numeric,ECMWF_HRES,8,1,-7,0.0219,0.25,0.7988,0.7251,False,True
0.1,complete_3h_same_numeric,GEM_GLOBAL,6,4,-2,0.1657,0.214,0.7152,0.7123,False,False
0.1,complete_3h_same_numeric,GFS_GLOBAL,3,6,3,0.209,0.2041,0.7353,0.7784,True,False
0.1,complete_3h_same_numeric,ICON_SEAMLESS,1,2,1,0.2449,0.2396,0.6762,0.7328,True,True
0.1,complete_3h_same_numeric,JMA_GSM,7,7,0,0.1635,0.1833,0.7208,0.7905,False,False
0.1,complete_3h_same_numeric,METEOFRANCE_ARPEGE_WORLD,2,5,3,0.2194,0.2133,0.6904,0.7532,True,False
0.1,complete_3h_same_numeric,UKMO_GLOBAL_10KM,5,3,-2,0.1837,0.2185,0.7535,0.7271,False,True
0.1,episode_pm1h,CMA_GRAPES_GLOBAL,5,1,-4,0.0811,0.1286,0.7953,0.7753,False,True
0.1,episode_pm1h,ECMWF_HRES,8,6,-2,0.006,0.1098,0.8679,0.8159,False,False
0.1,episode_pm1h,GEM_GLOBAL,6,2,-4,0.0703,0.1241,0.807,0.7647,False,True
0.1,episode_pm1h,GFS_GLOBAL,3,8,5,0.1066,0.0935,0.8164,0.8679,True,False
0.1,episode_pm1h,ICON_SEAMLESS,1,5,4,0.1326,0.1117,0.7724,0.8314,True,False
0.1,episode_pm1h,JMA_GSM,7,7,0,0.0372,0.096,0.804,0.7624,False,False
0.1,episode_pm1h,METEOFRANCE_ARPEGE_WORLD,4,3,-1,0.1013,0.1205,0.7952,0.8288,False,True
0.1,episode_pm1h,UKMO_GLOBAL_10KM,2,4,2,0.1193,0.1204,0.8194,0.8196,True,False
0.1,episode_pm2h,CMA_GRAPES_GLOBAL,5,6,1,0.1399,0.1584,0.6651,0.7303,False,False
0.1,episode_pm2h,ECMWF_HRES,8,7,-1,0.0104,0.1508,0.7736,0.7562,False,False
0.1,episode_pm2h,GEM_GLOBAL,6,5,-1,0.106,0.1643,0.7183,0.6993,False,False
0.1,episode_pm2h,GFS_GLOBAL,4,3,-1,0.1591,0.1831,0.7384,0.761,False,True
0.1,episode_pm2h,ICON_SEAMLESS,1,4,3,0.2026,0.1662,0.6726,0.7608,True,False
0.1,episode_pm2h,JMA_GSM,7,8,1,0.0606,0.1322,0.688,0.6832,False,False
0.1,episode_pm2h,METEOFRANCE_ARPEGE_WORLD,3,2,-1,0.1647,0.2016,0.685,0.7329,True,True
0.1,episode_pm2h,UKMO_GLOBAL_10KM,2,1,-1,0.1744,0.2022,0.7484,0.7176,True,True
0.1,strict_hourly,CMA_GRAPES_GLOBAL,4,7,3,0.1319,0.1074,0.8215,0.8748,False,False
0.1,strict_hourly,ECMWF_HRES,8,2,-6,0.0246,0.1431,0.8723,0.8504,False,True
0.1,strict_hourly,GEM_GLOBAL,5,3,-2,0.1147,0.14,0.8441,0.8335,False,True
0.1,strict_hourly,GFS_GLOBAL,3,6,3,0.1352,0.119,0.8368,0.8708,True,False
0.1,strict_hourly,ICON_SEAMLESS,1,1,0,0.1516,0.1458,0.8045,0.8387,True,True
0.1,strict_hourly,JMA_GSM,6,8,2,0.108,0.1051,0.853,0.8875,False,False
0.1,strict_hourly,METEOFRANCE_ARPEGE_WORLD,2,4,2,0.1442,0.1242,0.8175,0.8568,True,False
0.1,strict_hourly,UKMO_GLOBAL_10KM,7,5,-2,0.0941,0.1231,0.8732,0.8444,False,False
1.0,cadence_aware_episode,CMA_GRAPES_GLOBAL,1,7,6,0.1011,0.0647,0.7784,0.9035,True,False
1.0,cadence_aware_episode,ECMWF_HRES,8,6,-2,0.0055,0.0797,0.8846,0.8659,False,False
1.0,cadence_aware_episode,GEM_GLOBAL,4,1,-3,0.0859,0.1491,0.754,0.7344,False,True
1.0,cadence_aware_episode,GFS_GLOBAL,3,4,1,0.0861,0.1081,0.8649,0.8659,True,False
1.0,cadence_aware_episode,ICON_SEAMLESS,2,5,3,0.0869,0.0878,0.8326,0.8846,True,False
1.0,cadence_aware_episode,JMA_GSM,7,8,1,0.0322,0.0645,0.7791,0.8125,False,False
1.0,cadence_aware_episode,METEOFRANCE_ARPEGE_WORLD,6,2,-4,0.0788,0.1189,0.8533,0.8429,False,True
1.0,cadence_aware_episode,UKMO_GLOBAL_10KM,5,3,-2,0.0827,0.109,0.8672,0.8396,False,True
1.0,complete_3h_rate_equivalent,CMA_GRAPES_GLOBAL,4,7,3,0.0727,0.0631,0.8767,0.9255,False,False
1.0,complete_3h_rate_equivalent,ECMWF_HRES,8,2,-6,0.0088,0.1197,0.875,0.8468,False,True
1.0,complete_3h_rate_equivalent,GEM_GLOBAL,3,1,-2,0.0824,0.1339,0.8406,0.8101,True,True
1.0,complete_3h_rate_equivalent,GFS_GLOBAL,1,4,3,0.1042,0.0734,0.8392,0.9085,True,False
1.0,complete_3h_rate_equivalent,ICON_SEAMLESS,5,5,0,0.0723,0.0694,0.8423,0.9124,False,False
1.0,complete_3h_rate_equivalent,JMA_GSM,7,8,1,0.0538,0.0574,0.8507,0.9136,False,False
1.0,complete_3h_rate_equivalent,METEOFRANCE_ARPEGE_WORLD,2,6,4,0.1011,0.0645,0.8392,0.9145,True,False
1.0,complete_3h_rate_equivalent,UKMO_GLOBAL_10KM,6,3,-3,0.0658,0.0916,0.882,0.8737,False,True
1.0,complete_3h_same_numeric,CMA_GRAPES_GLOBAL,6,8,2,0.1095,0.119,0.8349,0.8618,False,False
1.0,complete_3h_same_numeric,ECMWF_HRES,8,1,-7,0.0169,0.2007,0.8235,0.7672,False,True
1.0,complete_3h_same_numeric,GEM_GLOBAL,4,2,-2,0.1204,0.1632,0.8018,0.7914,False,True
1.0,complete_3h_same_numeric,GFS_GLOBAL,3,6,3,0.1391,0.1391,0.8234,0.849,True,False
1.0,complete_3h_same_numeric,ICON_SEAMLESS,1,3,2,0.1461,0.1499,0.784,0.8312,True,True
1.0,complete_3h_same_numeric,JMA_GSM,7,7,0,0.0951,0.1384,0.8331,0.8429,False,False
1.0,complete_3h_same_numeric,METEOFRANCE_ARPEGE_WORLD,2,5,3,0.1457,0.1472,0.8007,0.8304,True,False
1.0,complete_3h_same_numeric,UKMO_GLOBAL_10KM,5,4,-1,0.1123,0.1485,0.83,0.8023,False,False
1.0,episode_pm1h,CMA_GRAPES_GLOBAL,5,8,3,0.0618,0.0462,0.8595,0.9298,False,False
1.0,episode_pm1h,ECMWF_HRES,8,6,-2,0.0055,0.0797,0.8846,0.8659,False,False
1.0,episode_pm1h,GEM_GLOBAL,6,4,-2,0.0518,0.1008,0.8468,0.8125,False,False
1.0,episode_pm1h,GFS_GLOBAL,2,3,1,0.0861,0.1081,0.8649,0.8659,True,True
1.0,episode_pm1h,ICON_SEAMLESS,1,5,4,0.0869,0.0878,0.8326,0.8846,True,False
1.0,episode_pm1h,JMA_GSM,7,7,0,0.0218,0.0645,0.8488,0.8125,False,False
1.0,episode_pm1h,METEOFRANCE_ARPEGE_WORLD,4,1,-3,0.0788,0.1189,0.8533,0.8429,False,True
1.0,episode_pm1h,UKMO_GLOBAL_10KM,3,2,-1,0.0827,0.109,0.8672,0.8396,True,True
1.0,episode_pm2h,CMA_GRAPES_GLOBAL,5,7,2,0.1011,0.0647,0.7784,0.9035,False,False
1.0,episode_pm2h,ECMWF_HRES,8,6,-2,0.0073,0.1462,0.8462,0.7683,False,False
1.0,episode_pm2h,GEM_GLOBAL,6,5,-1,0.0859,0.1491,0.754,0.7344,False,False
1.0,episode_pm2h,GFS_GLOBAL,2,2,0,0.1288,0.1714,0.8054,0.7989,True,True
1.0,episode_pm2h,ICON_SEAMLESS,1,4,3,0.1375,0.1554,0.7469,0.8077,True,False
1.0,episode_pm2h,JMA_GSM,7,8,1,0.0322,0.0645,0.7791,0.8125,False,False
1.0,episode_pm2h,METEOFRANCE_ARPEGE_WORLD,4,3,-1,0.1206,0.1629,0.7838,0.7929,False,True
1.0,episode_pm2h,UKMO_GLOBAL_10KM,3,1,-2,0.1232,0.1931,0.8093,0.7358,True,True
1.0,strict_hourly,CMA_GRAPES_GLOBAL,5,8,3,0.0602,0.0506,0.9122,0.9439,False,False
1.0,strict_hourly,ECMWF_HRES,8,3,-5,0.0096,0.0723,0.9082,0.9134,False,True
1.0,strict_hourly,GEM_GLOBAL,4,1,-3,0.0737,0.0965,0.8813,0.878,False,True
1.0,strict_hourly,GFS_GLOBAL,1,6,5,0.0821,0.0575,0.892,0.9355,True,False
1.0,strict_hourly,ICON_SEAMLESS,3,5,2,0.0752,0.0637,0.878,0.9276,True,False
1.0,strict_hourly,JMA_GSM,6,7,1,0.0476,0.053,0.8964,0.93,False,False
1.0,strict_hourly,METEOFRANCE_ARPEGE_WORLD,2,2,0,0.0762,0.0737,0.8951,0.9145,True,True
1.0,strict_hourly,UKMO_GLOBAL_10KM,7,4,-3,0.0471,0.0717,0.9235,0.9076,False,False
1.5,cadence_aware_episode,CMA_GRAPES_GLOBAL,2,6,4,0.071,0.0781,0.8051,0.878,True,False
1.5,cadence_aware_episode,ECMWF_HRES,8,3,-5,0.0042,0.1031,0.8824,0.8039,False,True
1.5,cadence_aware_episode,GEM_GLOBAL,5,1,-4,0.0607,0.1765,0.7727,0.6591,False,True
1.5,cadence_aware_episode,GFS_GLOBAL,1,4,3,0.0759,0.0987,0.8619,0.8649,True,False
1.5,cadence_aware_episode,ICON_SEAMLESS,6,8,2,0.047,0.0541,0.8863,0.92,False,False
1.5,cadence_aware_episode,JMA_GSM,7,7,0,0.0144,0.0597,0.8,0.7333,False,False
1.5,cadence_aware_episode,METEOFRANCE_ARPEGE_WORLD,3,5,2,0.068,0.0956,0.8552,0.8602,True,False
1.5,cadence_aware_episode,UKMO_GLOBAL_10KM,4,2,-2,0.0667,0.129,0.8852,0.8095,False,True
1.5,complete_3h_rate_equivalent,CMA_GRAPES_GLOBAL,4,7,3,0.0536,0.0548,0.8904,0.9344,False,False
1.5,complete_3h_rate_equivalent,ECMWF_HRES,8,2,-6,0.0056,0.093,0.8947,0.871,False,True
1.5,complete_3h_rate_equivalent,GEM_GLOBAL,3,1,-2,0.0565,0.1039,0.8661,0.8491,True,True
1.5,complete_3h_rate_equivalent,GFS_GLOBAL,2,3,1,0.0708,0.0889,0.8535,0.8788,True,True
1.5,complete_3h_rate_equivalent,ICON_SEAMLESS,6,5,-1,0.036,0.0745,0.871,0.8986,False,False
1.5,complete_3h_rate_equivalent,JMA_GSM,7,6,-1,0.0218,0.0678,0.8929,0.871,False,False
1.5,complete_3h_rate_equivalent,METEOFRANCE_ARPEGE_WORLD,1,4,3,0.0769,0.0761,0.8536,0.8955,True,False
1.5,complete_3h_rate_equivalent,UKMO_GLOBAL_10KM,5,8,3,0.0518,0.0494,0.8938,0.9245,False,False
1.5,complete_3h_same_numeric,CMA_GRAPES_GLOBAL,5,8,3,0.1067,0.0997,0.8415,0.8841,False,False
1.5,complete_3h_same_numeric,ECMWF_HRES,8,2,-6,0.0146,0.1667,0.85,0.803,False,True
1.5,complete_3h_same_numeric,GEM_GLOBAL,4,1,-3,0.1106,0.1667,0.8176,0.7857,False,True
1.5,complete_3h_same_numeric,GFS_GLOBAL,2,5,3,0.1339,0.1327,0.8247,0.8534,True,False
1.5,complete_3h_same_numeric,ICON_SEAMLESS,3,4,1,0.1284,0.1351,0.7978,0.8456,True,False
1.5,complete_3h_same_numeric,JMA_GSM,7,7,0,0.0873,0.13,0.8398,0.8511,False,False
1.5,complete_3h_same_numeric,METEOFRANCE_ARPEGE_WORLD,1,6,5,0.1347,0.1326,0.812,0.8423,True,False
1.5,complete_3h_same_numeric,UKMO_GLOBAL_10KM,6,3,-3,0.1007,0.1392,0.8423,0.8125,False,True
1.5,episode_pm1h,CMA_GRAPES_GLOBAL,5,6,1,0.0436,0.0615,0.8771,0.9024,False,False
1.5,episode_pm1h,ECMWF_HRES,8,3,-5,0.0042,0.1031,0.8824,0.8039,False,True
1.5,episode_pm1h,GEM_GLOBAL,6,2,-4,0.0373,0.1111,0.8571,0.7727,False,True
1.5,episode_pm1h,GFS_GLOBAL,1,4,3,0.0759,0.0987,0.8619,0.8649,True,False
1.5,episode_pm1h,ICON_SEAMLESS,4,8,4,0.047,0.0541,0.8863,0.92,False,False
1.5,episode_pm1h,JMA_GSM,7,7,0,0.0061,0.0597,0.9143,0.7333,False,False
1.5,episode_pm1h,METEOFRANCE_ARPEGE_WORLD,2,5,3,0.068,0.0956,0.8552,0.8602,True,False
1.5,episode_pm1h,UKMO_GLOBAL_10KM,3,1,-2,0.0667,0.129,0.8852,0.8095,True,True
1.5,episode_pm2h,CMA_GRAPES_GLOBAL,5,7,2,0.071,0.0781,0.8051,0.878,False,False
1.5,episode_pm2h,ECMWF_HRES,8,3,-5,0.0042,0.1758,0.8824,0.6863,False,True
1.5,episode_pm2h,GEM_GLOBAL,6,2,-4,0.0607,0.1765,0.7727,0.6591,False,True
1.5,episode_pm2h,GFS_GLOBAL,1,4,3,0.1131,0.1597,0.8013,0.7928,True,False
1.5,episode_pm2h,ICON_SEAMLESS,4,6,2,0.0908,0.1143,0.7893,0.84,False,False
1.5,episode_pm2h,JMA_GSM,7,8,1,0.0144,0.0597,0.8,0.7333,False,False
1.5,episode_pm2h,METEOFRANCE_ARPEGE_WORLD,2,5,3,0.1085,0.1462,0.7772,0.7957,True,False
1.5,episode_pm2h,UKMO_GLOBAL_10KM,3,1,-2,0.103,0.1864,0.8288,0.7381,True,True
1.5,strict_hourly,CMA_GRAPES_GLOBAL,3,7,4,0.0507,0.0466,0.9126,0.9459,True,False
1.5,strict_hourly,ECMWF_HRES,8,3,-5,0.0078,0.0723,0.8983,0.9043,False,True
1.5,strict_hourly,GEM_GLOBAL,4,1,-3,0.0483,0.0955,0.905,0.8704,False,True
1.5,strict_hourly,GFS_GLOBAL,2,5,3,0.0678,0.0604,0.8943,0.9265,True,False
1.5,strict_hourly,ICON_SEAMLESS,5,6,1,0.0447,0.0518,0.9011,0.935,False,False
1.5,strict_hourly,JMA_GSM,7,8,1,0.032,0.0361,0.881,0.9355,False,False
1.5,strict_hourly,METEOFRANCE_ARPEGE_WORLD,1,4,3,0.0697,0.0658,0.8934,0.9184,True,False
1.5,strict_hourly,UKMO_GLOBAL_10KM,6,2,-4,0.0391,0.0805,0.9308,0.892,False,True
5.0,cadence_aware_episode,CMA_GRAPES_GLOBAL,5,4,-1,0.0,0.0,1.0,1.0,False,False
5.0,cadence_aware_episode,ECMWF_HRES,6,5,-1,0.0,0.0,,1.0,False,False
5.0,cadence_aware_episode,GEM_GLOBAL,2,3,1,0.017,0.0256,0.7727,0.9286,True,True
5.0,cadence_aware_episode,GFS_GLOBAL,4,2,-2,0.0036,0.0345,0.8,0.75,False,True
5.0,cadence_aware_episode,ICON_SEAMLESS,7,6,-1,0.0,0.0,1.0,1.0,False,False
5.0,cadence_aware_episode,JMA_GSM,8,7,-1,0.0,0.0,,,False,False
5.0,cadence_aware_episode,METEOFRANCE_ARPEGE_WORLD,3,8,5,0.0071,0.0,0.75,1.0,True,False
5.0,cadence_aware_episode,UKMO_GLOBAL_10KM,1,1,0,0.0286,0.0455,0.9226,0.9,True,True
5.0,complete_3h_rate_equivalent,CMA_GRAPES_GLOBAL,8,6,-2,0.0,0.0,1.0,1.0,False,False
5.0,complete_3h_rate_equivalent,ECMWF_HRES,3,4,1,0.0,0.0,,1.0,True,False
5.0,complete_3h_rate_equivalent,GEM_GLOBAL,1,8,7,0.0163,0.0,0.9259,1.0,True,False
5.0,complete_3h_rate_equivalent,GFS_GLOBAL,7,5,-2,0.0,0.0,1.0,1.0,False,False
5.0,complete_3h_rate_equivalent,ICON_SEAMLESS,4,1,-3,0.0,0.0,,,False,True
5.0,complete_3h_rate_equivalent,JMA_GSM,5,2,-3,0.0,0.0,,,False,True
5.0,complete_3h_rate_equivalent,METEOFRANCE_ARPEGE_WORLD,6,3,-3,0.0,0.0,1.0,,False,True
5.0,complete_3h_rate_equivalent,UKMO_GLOBAL_10KM,2,7,5,0.0088,0.0,0.9412,1.0,True,False
5.0,complete_3h_same_numeric,CMA_GRAPES_GLOBAL,5,8,3,0.0388,0.0407,0.9125,0.949,False,False
5.0,complete_3h_same_numeric,ECMWF_HRES,8,1,-7,0.0059,0.1,0.8824,0.8511,False,True
5.0,complete_3h_same_numeric,GEM_GLOBAL,3,2,-1,0.0463,0.0986,0.8743,0.8542,True,True
5.0,complete_3h_same_numeric,GFS_GLOBAL,2,5,3,0.0556,0.0741,0.8698,0.8947,True,False
5.0,complete_3h_same_numeric,ICON_SEAMLESS,6,3,-3,0.0201,0.0909,0.9059,0.8704,False,True
5.0,complete_3h_same_numeric,JMA_GSM,7,6,-1,0.0106,0.0652,0.9333,0.8421,False,False
5.0,complete_3h_same_numeric,METEOFRANCE_ARPEGE_WORLD,1,4,3,0.0669,0.0864,0.8619,0.8793,True,False
5.0,complete_3h_same_numeric,UKMO_GLOBAL_10KM,4,7,3,0.045,0.0411,0.9031,0.9348,False,False
5.0,episode_pm1h,CMA_GRAPES_GLOBAL,5,4,-1,0.0,0.0,1.0,1.0,False,False
5.0,episode_pm1h,ECMWF_HRES,6,5,-1,0.0,0.0,,1.0,False,False
5.0,episode_pm1h,GEM_GLOBAL,3,3,0,0.0067,0.0256,0.9091,0.9286,True,True
5.0,episode_pm1h,GFS_GLOBAL,4,2,-2,0.0036,0.0345,0.8,0.75,False,True
5.0,episode_pm1h,ICON_SEAMLESS,7,6,-1,0.0,0.0,1.0,1.0,False,False
5.0,episode_pm1h,JMA_GSM,8,7,-1,0.0,0.0,,,False,False
5.0,episode_pm1h,METEOFRANCE_ARPEGE_WORLD,2,8,6,0.0071,0.0,0.75,1.0,True,False
5.0,episode_pm1h,UKMO_GLOBAL_10KM,1,1,0,0.0286,0.0455,0.9226,0.9,True,True
5.0,episode_pm2h,CMA_GRAPES_GLOBAL,6,4,-2,0.0,0.0,1.0,1.0,False,False
5.0,episode_pm2h,ECMWF_HRES,7,5,-2,0.0,0.0,,1.0,False,False
5.0,episode_pm2h,GEM_GLOBAL,2,3,1,0.017,0.0256,0.7727,0.9286,True,True
5.0,episode_pm2h,GFS_GLOBAL,5,2,-3,0.0036,0.0345,0.8,0.75,False,True
5.0,episode_pm2h,ICON_SEAMLESS,4,6,2,0.0036,0.0,0.5,1.0,False,False
5.0,episode_pm2h,JMA_GSM,8,7,-1,0.0,0.0,,,False,False
5.0,episode_pm2h,METEOFRANCE_ARPEGE_WORLD,3,8,5,0.0071,0.0,0.75,1.0,True,False
5.0,episode_pm2h,UKMO_GLOBAL_10KM,1,1,0,0.0562,0.0952,0.8516,0.8,True,True
5.0,strict_hourly,CMA_GRAPES_GLOBAL,8,7,-1,0.0,0.0,1.0,1.0,False,False
5.0,strict_hourly,ECMWF_HRES,4,5,1,0.0,0.0,,1.0,False,False
5.0,strict_hourly,GEM_GLOBAL,2,8,6,0.0095,0.0,0.9506,1.0,True,False
5.0,strict_hourly,GFS_GLOBAL,7,2,-5,0.0,0.0263,1.0,0.8889,False,True
5.0,strict_hourly,ICON_SEAMLESS,6,4,-2,0.0,0.0,1.0,1.0,False,False
5.0,strict_hourly,JMA_GSM,5,3,-2,0.0,0.0,,,False,True
5.0,strict_hourly,METEOFRANCE_ARPEGE_WORLD,3,6,3,0.0028,0.0,0.9231,1.0,True,False
5.0,strict_hourly,UKMO_GLOBAL_10KM,1,1,0,0.0195,0.0492,0.9448,0.9118,True,True
10.0,cadence_aware_episode,CMA_GRAPES_GLOBAL,3,1,-2,0.0,0.0,1.0,,True,True
10.0,cadence_aware_episode,ECMWF_HRES,4,2,-2,0.0,0.0,,,False,True
10.0,cadence_aware_episode,GEM_GLOBAL,1,3,2,0.0081,0.0,0.8571,1.0,True,True
10.0,cadence_aware_episode,GFS_GLOBAL,5,4,-1,0.0,0.0,1.0,1.0,False,False
10.0,cadence_aware_episode,ICON_SEAMLESS,6,5,-1,0.0,0.0,,,False,False
10.0,cadence_aware_episode,JMA_GSM,7,6,-1,0.0,0.0,,,False,False
10.0,cadence_aware_episode,METEOFRANCE_ARPEGE_WORLD,8,7,-1,0.0,0.0,,,False,False
10.0,cadence_aware_episode,UKMO_GLOBAL_10KM,2,8,6,0.0068,0.0,0.9688,1.0,True,False
10.0,complete_3h_rate_equivalent,CMA_GRAPES_GLOBAL,7,1,-6,0.0,0.0,1.0,,False,True
10.0,complete_3h_rate_equivalent,ECMWF_HRES,2,2,0,0.0,0.0,,,True,True
10.0,complete_3h_rate_equivalent,GEM_GLOBAL,1,8,7,0.0256,0.0,0.8889,1.0,True,False
10.0,complete_3h_rate_equivalent,GFS_GLOBAL,3,7,4,0.0,0.0,,1.0,True,False
10.0,complete_3h_rate_equivalent,ICON_SEAMLESS,4,3,-1,0.0,0.0,,,False,True
10.0,complete_3h_rate_equivalent,JMA_GSM,5,4,-1,0.0,0.0,,,False,False
10.0,complete_3h_rate_equivalent,METEOFRANCE_ARPEGE_WORLD,6,5,-1,0.0,0.0,,,False,False
10.0,complete_3h_rate_equivalent,UKMO_GLOBAL_10KM,8,6,-2,0.0,0.0,1.0,,False,False
10.0,complete_3h_same_numeric,CMA_GRAPES_GLOBAL,6,5,-1,0.0051,0.0278,0.9744,0.95,False,False
10.0,complete_3h_same_numeric,ECMWF_HRES,8,8,0,0.0,0.0,1.0,1.0,False,False
10.0,complete_3h_same_numeric,GEM_GLOBAL,2,2,0,0.0189,0.0571,0.9298,0.9,True,True
10.0,complete_3h_same_numeric,GFS_GLOBAL,5,1,-4,0.0059,0.0952,0.9333,0.6667,False,True
10.0,complete_3h_same_numeric,ICON_SEAMLESS,4,7,3,0.0063,0.0,0.5,1.0,False,False
10.0,complete_3h_same_numeric,JMA_GSM,7,6,-1,0.0,0.0,1.0,,False,False
10.0,complete_3h_same_numeric,METEOFRANCE_ARPEGE_WORLD,1,3,2,0.0309,0.0417,0.8537,0.875,True,True
10.0,complete_3h_same_numeric,UKMO_GLOBAL_10KM,3,4,1,0.0176,0.0294,0.9444,0.9444,True,False
10.0,episode_pm1h,CMA_GRAPES_GLOBAL,2,1,-1,0.0,0.0,1.0,,True,True
10.0,episode_pm1h,ECMWF_HRES,3,2,-1,0.0,0.0,,,True,True
10.0,episode_pm1h,GEM_GLOBAL,4,3,-1,0.0,0.0,1.0,1.0,False,True
10.0,episode_pm1h,GFS_GLOBAL,5,4,-1,0.0,0.0,1.0,1.0,False,False
10.0,episode_pm1h,ICON_SEAMLESS,6,5,-1,0.0,0.0,,,False,False
10.0,episode_pm1h,JMA_GSM,7,6,-1,0.0,0.0,,,False,False
10.0,episode_pm1h,METEOFRANCE_ARPEGE_WORLD,8,7,-1,0.0,0.0,,,False,False
10.0,episode_pm1h,UKMO_GLOBAL_10KM,1,8,7,0.0068,0.0,0.9688,1.0,True,False
10.0,episode_pm2h,CMA_GRAPES_GLOBAL,3,1,-2,0.0,0.0,1.0,,True,True
10.0,episode_pm2h,ECMWF_HRES,4,2,-2,0.0,0.0,,,False,True
10.0,episode_pm2h,GEM_GLOBAL,1,3,2,0.0081,0.0,0.8571,1.0,True,True
10.0,episode_pm2h,GFS_GLOBAL,5,4,-1,0.0,0.0,1.0,1.0,False,False
10.0,episode_pm2h,ICON_SEAMLESS,6,5,-1,0.0,0.0,,,False,False
10.0,episode_pm2h,JMA_GSM,7,6,-1,0.0,0.0,,,False,False
10.0,episode_pm2h,METEOFRANCE_ARPEGE_WORLD,8,7,-1,0.0,0.0,,,False,False
10.0,episode_pm2h,UKMO_GLOBAL_10KM,2,8,6,0.0068,0.0,0.9688,1.0,True,False
10.0,strict_hourly,CMA_GRAPES_GLOBAL,6,1,-5,0.0,0.0,1.0,,False,True
10.0,strict_hourly,ECMWF_HRES,2,2,0,0.0,0.0,,,True,True
10.0,strict_hourly,GEM_GLOBAL,1,8,7,0.0059,0.0,0.963,1.0,True,False
10.0,strict_hourly,GFS_GLOBAL,7,6,-1,0.0,0.0,1.0,1.0,False,False
10.0,strict_hourly,ICON_SEAMLESS,3,3,0,0.0,0.0,,,True,True
10.0,strict_hourly,JMA_GSM,4,4,0,0.0,0.0,,,False,False
10.0,strict_hourly,METEOFRANCE_ARPEGE_WORLD,5,5,0,0.0,0.0,,,False,False
10.0,strict_hourly,UKMO_GLOBAL_10KM,8,7,-1,0.0,0.0,1.0,1.0,False,False
20.0,cadence_aware_episode,CMA_GRAPES_GLOBAL,2,1,-1,0.0,0.0,,,True,True
20.0,cadence_aware_episode,ECMWF_HRES,3,2,-1,0.0,0.0,,,True,True
20.0,cadence_aware_episode,GEM_GLOBAL,1,3,2,0.0238,0.0,0.6667,1.0,True,True
20.0,cadence_aware_episode,GFS_GLOBAL,4,4,0,0.0,0.0,,1.0,False,False
20.0,cadence_aware_episode,ICON_SEAMLESS,5,5,0,0.0,0.0,,,False,False
20.0,cadence_aware_episode,JMA_GSM,6,6,0,0.0,0.0,,,False,False
20.0,cadence_aware_episode,METEOFRANCE_ARPEGE_WORLD,7,7,0,0.0,0.0,,,False,False
20.0,cadence_aware_episode,UKMO_GLOBAL_10KM,8,8,0,0.0,0.0,1.0,,False,False
20.0,complete_3h_rate_equivalent,CMA_GRAPES_GLOBAL,1,2,1,0.0,,,,True,True
20.0,complete_3h_rate_equivalent,ECMWF_HRES,2,3,1,0.0,,,,True,True
20.0,complete_3h_rate_equivalent,GEM_GLOBAL,8,1,-7,0.0,0.0,1.0,1.0,False,True
20.0,complete_3h_rate_equivalent,GFS_GLOBAL,3,4,1,0.0,,,,True,False
20.0,complete_3h_rate_equivalent,ICON_SEAMLESS,4,5,1,0.0,,,,False,False
20.0,complete_3h_rate_equivalent,JMA_GSM,5,6,1,0.0,,,,False,False
20.0,complete_3h_rate_equivalent,METEOFRANCE_ARPEGE_WORLD,6,7,1,0.0,,,,False,False
20.0,complete_3h_rate_equivalent,UKMO_GLOBAL_10KM,7,8,1,0.0,,1.0,,False,False
20.0,complete_3h_same_numeric,CMA_GRAPES_GLOBAL,7,7,0,0.0,0.0,1.0,1.0,False,False
20.0,complete_3h_same_numeric,ECMWF_HRES,2,4,2,0.0,0.0,,1.0,True,False
20.0,complete_3h_same_numeric,GEM_GLOBAL,1,8,7,0.025,0.0,0.8667,1.0,True,False
20.0,complete_3h_same_numeric,GFS_GLOBAL,6,5,-1,0.0,0.0,1.0,1.0,False,False
20.0,complete_3h_same_numeric,ICON_SEAMLESS,3,1,-2,0.0,0.0,,,True,True
20.0,complete_3h_same_numeric,JMA_GSM,4,2,-2,0.0,0.0,,,False,True
20.0,complete_3h_same_numeric,METEOFRANCE_ARPEGE_WORLD,5,3,-2,0.0,0.0,,,False,True
20.0,complete_3h_same_numeric,UKMO_GLOBAL_10KM,8,6,-2,0.0,0.0,1.0,1.0,False,False
20.0,episode_pm1h,CMA_GRAPES_GLOBAL,1,1,0,0.0,0.0,,,True,True
20.0,episode_pm1h,ECMWF_HRES,2,2,0,0.0,0.0,,,True,True
20.0,episode_pm1h,GEM_GLOBAL,3,3,0,0.0,0.0,1.0,1.0,True,True
20.0,episode_pm1h,GFS_GLOBAL,4,4,0,0.0,0.0,,1.0,False,False
20.0,episode_pm1h,ICON_SEAMLESS,5,5,0,0.0,0.0,,,False,False
20.0,episode_pm1h,JMA_GSM,6,6,0,0.0,0.0,,,False,False
20.0,episode_pm1h,METEOFRANCE_ARPEGE_WORLD,7,7,0,0.0,0.0,,,False,False
20.0,episode_pm1h,UKMO_GLOBAL_10KM,8,8,0,0.0,0.0,1.0,,False,False
20.0,episode_pm2h,CMA_GRAPES_GLOBAL,2,1,-1,0.0,0.0,,,True,True
20.0,episode_pm2h,ECMWF_HRES,3,2,-1,0.0,0.0,,,True,True
20.0,episode_pm2h,GEM_GLOBAL,1,3,2,0.0238,0.0,0.6667,1.0,True,True
20.0,episode_pm2h,GFS_GLOBAL,4,4,0,0.0,0.0,,1.0,False,False
20.0,episode_pm2h,ICON_SEAMLESS,5,5,0,0.0,0.0,,,False,False
20.0,episode_pm2h,JMA_GSM,6,6,0,0.0,0.0,,,False,False
20.0,episode_pm2h,METEOFRANCE_ARPEGE_WORLD,7,7,0,0.0,0.0,,,False,False
20.0,episode_pm2h,UKMO_GLOBAL_10KM,8,8,0,0.0,0.0,1.0,,False,False
20.0,strict_hourly,CMA_GRAPES_GLOBAL,2,1,-1,0.0,0.0,,,True,True
20.0,strict_hourly,ECMWF_HRES,3,2,-1,0.0,0.0,,,True,True
20.0,strict_hourly,GEM_GLOBAL,1,8,7,0.0185,0.0,0.9167,1.0,True,False
20.0,strict_hourly,GFS_GLOBAL,4,7,3,0.0,0.0,,1.0,False,False
20.0,strict_hourly,ICON_SEAMLESS,5,3,-2,0.0,0.0,,,False,True
20.0,strict_hourly,JMA_GSM,6,4,-2,0.0,0.0,,,False,False
20.0,strict_hourly,METEOFRANCE_ARPEGE_WORLD,7,5,-2,0.0,0.0,,,False,False
20.0,strict_hourly,UKMO_GLOBAL_10KM,8,6,-2,0.0,0.0,1.0,,False,False
